local_datetime,T_EDINW-1,E_BABAW-1,E_BETHW-1,E_BRYBW-1,E_BTUIW-2,E_CLFLW-1,E_HRHLW-1,E_MOYEW-1,T_AKGLW-2,T_ARCHW-1,T_BHLAW-1,T_BLLA-1,T_BLLA-2,T_CGTHW-1,T_CLDCW-1,T_CLDNW-1,T_CRMLW-1,T_CRYRW-2,T_DNLWW-1,T_DRSLW-1,T_DUNGW-1,T_EWHLW-1,T_FALGW-1,T_FARR-1,T_FARR-2,T_GLWSW-1,T_GNAPW-1,T_GORDW-1,T_GRIFW-1,T_GRIFW-2,T_GYMR-15,T_GYMR-17,T_HADHW-1,T_HRSTW-1,T_KILBW-1,T_KLGLW-1,T_LCLTW-1,T_MILWW-1,T_MKHLW-1,T_STLGW-1,T_STLGW-2,T_STRNW-1,T_WHILW-1,T_WHILW-2,2__PPGEN002,2__PPGEN003,2__PSTAT001,2__PSTAT002,E_ABRTW-1,E_ASLVW-1,E_BNWKW-1,E_CLDRW-1,E_DALSW-1,E_GDSTW-1,E_GLOFW-1,E_MINSW-1,E_TULWW-1,E_TULWW-2,T_CRGHW-1,T_GYMR-26,T_GYMR-28,T_SANQW-1,T_TDBNW-1,T_WISTW-2,T_WLNYO-3,T_WLNYO-4,T_HMGTO-1,T_HMGTO-2,T_BLKWW-1,T_CLDSW-1,T_MYGPW-1,2__PPGEN001,T_ANSUW-1,T_BEINW-1,T_BOWLW-1,T_FSDLW-1,T_THNTO-1,T_THNTO-2,T_WTMSO-1,T_LARYW-3,T_LARYW-4,T_WDNSO-1,E_ASHWW-1,T_ACHRW-1,T_COUWW-1,T_OMNDW-1,T_RRWW-1,T_WDNSO-2,T_WLNYO-2,T_WLNYW-1,E_BURBO,E_CRGTW-1,T_CRYRW-3,T_RCBKO-1,T_RCBKO-2,T_GNFSW-1,T_GNFSW-2,T_SHRSW-1,T_LNCSW-1,E_BRDUW-1,T_RREW-1,T_BRBEO-1,T_GANW-11,T_GANW-13,T_GANW-22,T_GANW-24,T_GRGBW-1,T_GRGBW-2,T_GRGBW-3
2020-01-01 00:00:00+00:00,-5.8,,,,,,,,,,,,,,,,,,,,,,,,,,,,,,,,,,,,,,,,,,,,,,,,,,,,,,,,,,,,,,,,,,,,,,,,,,,,,,,,,,,,,,,,,,,,,,,,,,,,,,,,,,,,
2020-01-02 00:00:00+00:00,-8.75,,,,,,-8.992,,,-28.467,-43.0,-30.975,-16.975,-32.0,,,,,,-28.467,,-8.525,-69.5,-14.919,-14.919,-19.667,-4.0,,,,,,-36.5,,,-89.0,,,,-32.0,,,-92.25,,,,,,,,,,,,,,,,,,,,,,,,,,,,,,,,,,,,,,,,,,,,,,,,,,,,,,,,,,,,,,,,,,
2020-01-03 00:00:00+00:00,-0.5,,-9.017,,,,-8.483,,,-15.083,-29.025,-29.95,,,,,,,-8.017,-25.45,-31.246,-13.525,-44.25,,,-26.5,-8.017,,,,,,-25.008,,,-109.967,,,-14.525,,,-32.508,-53.175,,,,,,,,,,,,,,,,,,,,,,,,,,,,,,,,,,,,,,,,,,,,,,,,,,,,,,,,,,,,,,,,,,
2020-01-04 00:00:00+00:00,-3.0,,-8.992,,-20.008,-3.508,-13.0,,,-48.517,-34.4,-39.55,-24.975,-34.5,,,,,-9.525,-31.992,,-15.0,-70.8,,,-27.5,-6.5,,,,,,-39.467,,,-107.017,,,-18.042,-35.5,-40.992,-29.492,,-69.2,,,,,,,,,,,,,,,,,,,,,,,,,,,,,,,,,,,,,,,,,,,,,,,,,,,,,,,,,,,,,,,,,
2020-01-05 00:00:00+00:00,-9.0,,,,,,,,,,-51.233,,-9.25,-23.575,,,,,,-3.4,,-6.25,,,,,,,,,,,,,,-75.542,,,,,,-29.017,,,,,,,,,,,,,,,,,,,,,,,,,,,,,,,,,,,,,,,,,,,,,,,,,,,,,,,,,,,,,,,,,,,
2020-01-06 00:00:00+00:00,-8.0,,,,,,-9.516,,,-47.483,-42.008,-39.025,-23.459,-34.501,,,,,,-25.567,-42.5,-17.0,-68.0,-10.0,-16.5,-26.75,-7.0,,,,,,-36.008,,,-114.0,-23.5,,-22.5,-32.0,-37.0,-17.5,-71.0,-73.942,,,,,,,,,,,,,,,,,,,,,,,,,,,,,,,,,,,,,,,,,,,,,,,,,,,,,,,,,,,,,,,,,
2020-01-07 00:00:00+00:00,-3.25,,,,,,,,,,,,,,,,,,,,,,,,,,,,,,,,,,,,,,,,,,,,,,,,,,,,,,,,,,,,,,,,,,,,,,,,,,,,,,,,,,,,,,,,,,,,,,,,,,,,,,,,,,,,
2020-01-08 00:00:00+00:00,-7.5,,,,,,-14.0,,,-42.008,-42.992,-44.992,-25.575,-34.5,-18.108,-67.792,-22.0,,,-32.0,-44.5,-15.008,-67.0,,-27.5,-27.5,-6.5,-28.475,-36.475,-36.475,,,-42.458,,,-112.008,-32.0,,,-36.0,-41.0,-33.491,-133.883,-67.067,,,,,,,,,,,,,,,,,,,,,,,,,,,,,,,,,,,,,,,,,,,,,,,,,,,,,,,,,,,,,,,,,
2020-01-09 00:00:00+00:00,,,,,,,,,,,,,,,,,,,,,,,,,,,,,,,,,,,,,,,,,,,,,,,,,,,,,,,,,,,,,,,,,,,,,,,,,,,,,,,,,,,,,,,,,,,,,,,,,,,,,,,,,,,,,
2020-01-10 00:00:00+00:00,,,,,,,,,,,,,,,,,,,,,,,,,,,,,,,,,,,,,,,,,,,,,,,,,,,,,,,,,,,,,,,,,,,,,,,,,,,,,,,,,,,,,,,,,,,,,,,,,,,,,,,,,,,,,
2020-01-11 00:00:00+00:00,-10.5,,-13.0,,-18.0,-4.991,-14.484,-16.0,,-42.0,-54.0,-59.0,-30.0,-34.5,-93.5,-93.5,-22.0,,-14.0,-29.567,-47.0,-17.992,-72.0,,-35.0,-27.501,-7.5,-28.492,-46.5,-46.5,,,-48.5,-58.492,-33.375,-110.0,-31.5,-4.75,-11.0,-36.0,-39.5,-32.5,-151.992,-101.5,,,,,,,,,,,,,-7.75,-10.751,,,-46.0,,-13.5,,,,,,,,,,,,,,,,,,,,,,,,,,,,,,,,,,,,,,,,,,,,,,
2020-01-12 00:00:00+00:00,,,,,,,,,,,,,,,,,,,,,,,,,,,,,,,,,,,,,,,,,,,,,,,,,,,,,,,,,,,,,,,,,,,,,,,,,,,,,,,,,,,,,,,,,,,,,,,,,,,,,,,,,,,,,
2020-01-13 00:00:00+00:00,-7.75,,-8.017,,,,-1.967,,,-10.083,-40.5,,-0.092,-29.5,,,,,,-7.867,-43.5,-5.9,,,-27.501,,,,,,,,,,,-56.867,,,,-12.708,-13.967,-21.5,-81.7,,,,,,,,,,,,,,,,,,,,,,,,,,,,,,,,,,,,,,,,,,,,,,,,,,,,,,,,,,,,,,,,,,
2020-01-14 00:00:00+00:00,,-22.5,-11.5,,-19.5,,-9.5,-11.5,,-54.992,-53.0,-57.033,-30.0,-34.5,-88.0,-88.0,-22.0,,-11.008,-33.992,-44.5,-13.0,-73.2,,-22.999,-17.5,-2.017,-22.0,-45.233,-37.567,,,-21.825,-53.409,-33.5,-99.0,-31.5,,-14.967,-31.5,-34.992,-30.708,-124.517,-63.858,,,,,,,,,,,,,-2.775,-4.386,,,-19.0,,-1.575,,-54.858,,,,,,,,,,,,,,,,,,,,,,,,,,,,,,,,,,,,,,,,,,,,
2020-01-15 00:00:00+00:00,,,,,-16.0,-4.992,-13.492,,,-52.884,-52.5,-40.984,-28.992,-34.5,-91.508,-83.033,-22.0,,-8.008,-32.483,-47.0,-16.967,-72.0,,-35.0,-27.5,-10.0,,-40.025,-40.025,,,-42.008,,,-114.0,-33.0,,-18.484,-36.0,-39.5,-31.008,-134.458,-80.35,,,,,,,,,,,,,,,,,,,-12.008,,,,,,,,,,,,,,,,,,,,,,,,,,,,,,,,,,,,,,,,,,,,,,
2020-01-16 00:00:00+00:00,-3.5,,-8.508,,-11.992,-3.492,-12.008,,,,-50.992,-39.533,,-34.5,,,,,-7.5,-25.95,,-13.508,-72.0,,-27.5,-27.5,,,,,,,-25.508,,,-90.958,-14.514,,,-9.6,-17.992,-32.483,,-62.775,,,,,,,,,,,,,,,,,,,,,,,,,,,,,,,,,,,,,,,,,,,,,,,,,,,,,,,,,,,,,,,,,
2020-01-17 00:00:00+00:00,-9.0,,,,,,,,,,-52.5,,,-34.0,,,-22.0,,,,-39.5,,,,-27.5,,,,-33.983,,,,,,,,-32.0,,,,,-32.509,,,,,,,,,,,,,,,,,,,,,,,,,-17.0,,,,,,,,,,,,,,,,,,,,,,,,,,,,,,,,,,,,,,,,,,
2020-01-18 00:00:00+00:00,,,,,,,,,,-21.008,-25.967,-11.525,-1.025,-32.001,,,,,,-13.533,,,,,,-0.059,-3.0,,,,,,-15.933,,,-89.0,,,,,,-26.0,,,,,,,,,,,,,,,,,,,,,,,,,-50.0,-50.0,,,,,,,,,,,,,,,,,,,,,,,,,,,,,,,,,,,,,,,,,
2020-01-19 00:00:00+00:00,,,,,,,,,,,,,,,,,,,,,,,,,,,,,,,,,,,,,,,,,,,,,,,,,,,,,,,,,,,,,,,,,,,,,,,,,,,,,,,,,,,,,,,,,,,,,,,,,,,,,,,,,,,,,
2020-01-20 00:00:00+00:00,-4.5,,,,,,-6.984,,,,-52.0,-21.933,-9.517,-34.5,,,,,,-6.517,-40.0,-8.534,,,-20.0,-19.5,-1.991,,,,,,-9.5,,,-45.466,,,,,,-32.492,,-46.517,,,,,,,,,,,,,,,,,,,,,,,,,,,,,,,,,,,,,,,,,,,,,,,,,,,,,,,,,,,,,,,,,
2020-01-21 00:00:00+00:00,,,,,,,,,,,,,,,,,,,,,,,,,,,,,,,,,,,,,,,,,,,,,,,,,,,,,,,,,,,,,,,,,,,,,,,,,,,,,,,,,,,,,,,,,,,,,,,,,,,,,,,,,,,,,
2020-01-22 00:00:00+00:00,,,,,,,,,,,,,,,,,,,,,,,,,,,,,,,,,,,,,,,,,,,,,,,,,,,,,,,,,,,,,,,,,,,,,,,,,,,,,,,,,,,,,,,,,,,,,,,,,,,,,,,,,,,,,
2020-01-23 00:00:00+00:00,-0.6,,,,,,,,,,,,,,,,,,,,,,,,,,,,,,,,,,,,,,,,,,,,,,,,,,,,,,,,,,,,,,,,,,,,,,,,,,,,,,,,,,,,,,,,,,,,,,,,,,,,,,,,,,,,
2020-01-24 00:00:00+00:00,,,,,,,,,,,,,,,,,,,,,,,,,,,,,,,,,,,,,,,,,,,,,,,,,,,,,,,,,,,,,,,,,,,,,,,,,,,,,,,,,,,,,,,,,,,,,,,,,,,,,,,,,,,,,
2020-01-25 00:00:00+00:00,-4.542,,,,,,,,,,,,,,,,,,,,,,,,,,,,,,,,,,,,,,,,,,,,,,,,,,,,,,,,,,,,,,,,,,,,,,,,,,,,,,,,,,,,,,,,,,,,,,,,,,,,,,,,,,,,
2020-01-26 00:00:00+00:00,-0.375,,,,,,,,,,,,-20.975,,,,,,,,,,,,,,,,,,,,,,,-63.925,,,,,,,-117.008,-61.225,,,,,,,,,,,,,,,,,,,,,,,,,,,,,,,,,,,,,,,,,,,,,,,,,,,,,,,,,,,,,,,,,
2020-01-27 00:00:00+00:00,-8.5,,,,,,,,,,,,,,,,,,,,,,,,,,,,,,,,,,,,,,,,,,,,,,,,,,,,,,,,,,,,,,,,,,,,,,,,,,,,,,,,,,,,,,,,,,,,,,,,,,,,,,,,,,,,
2020-01-28 00:00:00+00:00,,,,,,,,,,,,,,,,,,,,,,,,,,,,,,,,,,,,,,,,,,,,,,,,,,,,,,,,,,,,,,,,,,,,,,,,,,,,,,,,,,,,,,,,,,,,,,,,,,,,,,,,,,,,,
2020-01-29 00:00:00+00:00,-0.75,,-6.8,,-13.25,,-9.992,,,-47.375,-31.467,-21.958,-20.525,-34.5,,,,,-8.833,-25.483,,-14.008,-68.25,,,-27.5,-9.0,,,,-30.0,,-16.525,,,-108.025,,,-15.017,,,-21.5,,-32.308,,,,,,,,,,,,,,,,,,,,,,,-11.5,,,,,,,,,,,,,,,,,,,,,,,,,,,,,,,,,,,,,,,,,,
2020-01-30 00:00:00+00:00,,,,,,,-12.508,,,-45.95,,-51.5,-30.0,-33.75,,,,,,-31.483,,-13.0,-72.0,,,,-6.5,,,,,,-24.975,,,-103.066,,,,,,,,-93.55,,,,,,,,,,,,,,,,-2.842,-55.583,,,,,,-6.125,-30.725,,,,,,,,,,,,,,,,,,,,,,,,,,,,,,,,,,,,,,,,,
2020-01-31 00:00:00+00:00,,-26.0,-11.008,-29.5,-11.517,,-11.5,,,-36.608,-49.975,-37.567,-25.483,-34.5,-80.9,-79.95,-22.0,,,-25.05,-39.992,-13.5,-67.0,,-35.0,-17.5,,-18.467,-30.942,-30.942,,,-21.483,-44.058,,-93.542,-33.0,,,-32.0,-37.0,-31.991,-96.0,-79.5,,,,,,,,,,,,,,,,,,,,,,,,,,-1.833,,,,,,,,,,,,,,,,,,,,,,,,,,,,,,,,,,,,,,,
2020-02-01 00:00:00+00:00,-17.5,-11.5,-9.975,-28.0,-15.517,-4.992,-13.0,-23.0,-30.5,-48.442,-52.5,-44.525,-30.0,-34.5,-86.5,-88.0,-22.0,,-12.008,-33.008,-42.5,-18.0,-72.0,,-35.0,-27.5,-7.492,-20.475,-44.509,-44.508,-40.833,,-48.008,-0.383,,-114.0,-32.75,,-17.492,-36.0,-41.0,-22.483,-122.792,-72.4,,,,,-17.5,,-6.25,,,,,,-8.0,-11.25,,,,,-10.0,,,,,,-26.5,-56.008,,,,,,,,,,,,,,,,,,,,,,,,,,,,,,,,,,,,,,,
2020-02-02 00:00:00+00:00,,,,,,,,,,,,,,,,,,,,,,,,,,,,,,,,,,,,,,,,,,,,,,,,,,,,,,,,,,,,,,,,,,,,,,,,,,,,,,,,,,,,,,,,,,,,,,,,,,,,,,,,,,,,,
2020-02-03 00:00:00+00:00,,,,,,,-11.5,,,,-15.1,-43.475,-22.4,-23.5,,,,,,-28.0,,-17.508,-52.5,,-23.501,-27.5,-7.5,,,,,,-36.092,,,-89.0,,,,-16.592,-18.608,,,,,,,,,,,,,,,,,,,-21.0,-56.5,,,,,,,,,,,,,,,,,,,,,,,,,,,,,,,,,,,,,,,,,,,,,,,,
2020-02-04 00:00:00+00:00,-18.5,-25.5,-10.508,-30.5,-19.992,,-13.5,,-30.5,-55.975,-54.0,,-30.0,-34.5,,-55.517,-22.0,-65.5,-13.0,-31.533,-42.5,-15.508,-72.0,,-35.0,-27.5,-7.5,-25.942,-44.525,-44.525,,,-48.5,,-26.0,-114.0,-31.0,-18.75,-25.5,-36.0,-41.0,-30.992,-117.008,-99.967,-31.5,,,-30.0,,,,,,,,,,,,,-56.5,,,,,,,,,-59.0,,-25.0,,,,,,,,,,,,,,,,,,,,,,,,,,,,,,,,,,,,,
2020-02-05 00:00:00+00:00,,,,,,,,,,,,,,,,,,,,,,,,,,,,,,,,,,,,,,,,,,,,,,,,,,,,,,,,,,,,,,,,,,,,,,,,,,,,,,,,,,,,,,,,,,,,,,,,,,,,,,,,,,,,,
2020-02-06 00:00:00+00:00,,,,,,,,,,,,,,,,,,,,,,,,,,,,,,,,,,,,,,,,,,,,,,,,,,,,,,,,,,,,,,,,,,,,,,,,,,,,,,,,,,,,,,,,,,,,,,,,,,,,,,,,,,,,,
2020-02-07 00:00:00+00:00,,,,,,,,,,,,,,,,,,,,,,,,,,,,,,,,,,,,,,,,,,,,,,,,,,,,,,,,,,,,,,,,,,,,,,,,,,,,,,,,,,,,,,,,,,,,,,,,,,,,,,,,,,,,,
2020-02-08 00:00:00+00:00,-7.25,,-8.508,-29.5,,,-0.433,-23.0,-1.133,,-48.5,-26.267,-22.392,-34.5,,,,,-4.108,,-42.5,-0.567,,,-35.0,-2.083,-1.5,-25.992,,,,,-13.742,,-21.75,,,,-2.533,-35.992,-40.992,-29.492,,-34.2,,,,,,,,,,,,,,-3.88,,,-44.5,,,,,,,,,,,,,,,,,,,,,,,,,,,,,,,,,,,,,,,,,,,,,,,,
2020-02-09 00:00:00+00:00,,,,,,,,,,,,,,,,,,,,,,,,,,,,,,,,,,,,,,,,,,,,,,,,,,,,,,,,,,,,,-56.0,,,,,,,,,,,,,,,,,,,,,,,,,,,,,,,,,,,,,,,,,,,,,,,,
2020-02-10 00:00:00+00:00,,-18.0,-10.483,-26.5,,,,-11.5,,,-50.517,,,-34.5,,,-22.0,,,,-40.508,,,,-34.0,,,-17.0,-26.533,-31.533,,,,,-29.25,,-33.0,-32.5,,-34.008,-38.517,-28.992,,,,,,,,,,,,,,,,,,,-51.5,,,,,,,,,,,,,,,,,,,,,,,,,,,,,,,,,,,,,,,,,,,,,,,,
2020-02-11 00:00:00+00:00,-3.0,-22.5,-11.992,,,,,,,,-53.001,,,-34.5,,,-22.0,,,,-45.0,,,,-35.0,,,-19.525,-37.542,-37.542,,,-10.342,,-33.5,-58.708,-33.5,-32.5,,-35.509,-41.0,-31.492,,,,,,,,,-6.549,-0.067,,,,,-6.633,-9.433,,,-24.0,,,,,,,,,,,,,,,,,,,,,,,,,,,,,,,,,,,,,,,,,,,,,,,,
2020-02-12 00:00:00+00:00,-2.5,-16.5,-12.0,-31.0,,,,,,,-54.0,,-0.658,-34.5,,,-22.0,,,,-45.0,,,,-35.0,,,-16.508,-46.5,-46.5,,,,,-31.25,,-31.5,-32.5,,-36.0,-41.0,-23.009,,,,,,,,,-7.5,,,,,,-7.5,-10.751,,,-36.5,,,,,,,,,,,,,,,,,,,,,,,,,,,,,,,,,,,,,,,,,,,,,,,,
2020-02-13 00:00:00+00:00,,,,,,,,,,,,,,,,,,,,,,,,,,,,,,,,,,,,,,,,,,,,,,,,,,,,,,,,,,,,,,,,,,,,,,,,,,,,,,,,,,,,,,,,,,,,,,,,,,,,,,,,,,,,,
2020-02-14 00:00:00+00:00,,,,,,,,,,,,,,,,,,,,,,,,,,,,,,,,,,,,,,,,,,,,,,,,,,,,,,,,,,,,,,,,,,,,,,,,,,,,,,,,,,,,,,,,,,,,,,,,,,,,,,,,,,,,,
2020-02-15 00:00:00+00:00,-5.075,,,,,,,,,,-43.0,,,-34.5,,,,,,,,,,,-4.083,,,,-15.5,-15.5,,,,,,,-19.5,,,-5.317,-34.508,-22.492,,,,,,,,,,,,,,,,,,,,,,,,,,,,,,,,,,,,,,,,,,,,,,,,,,,,,,,,,,,,,,,,,,,
2020-02-16 00:00:00+00:00,-6.0,-13.5,-5.508,,,,,-16.25,,,-48.975,,,-34.5,,,-15.0,,,,-41.0,,,,-35.0,,,-20.025,-30.5,-30.5,,,,,-16.25,,-16.0,-32.5,,-28.508,-35.008,-24.5,,,-32.0,,,,,,,,,,,,,,,-13.5,-55.5,,,,,,,,,,,,,,,,,,,,,,,,,,,,,,,,,,,,,,,,,,,,,,,,
2020-02-17 00:00:00+00:00,-18.0,-26.0,-6.525,-30.5,,,,-23.0,,,-54.0,,,-34.5,,,-22.0,,,,-43.0,,,,,,,-28.0,-46.5,-46.5,,-46.5,,,,,-31.0,-32.5,,-24.5,-30.0,-33.5,,,,-16.5,-19.5,,,,-7.25,,,-6.5,-13.0,,-5.0,-10.75,,,,,,,,,,,,,,-25.0,,-49.991,,,,,,,,,,,,,,,,,,,,,,,,,,,,,,,,,,,
2020-02-18 00:00:00+00:00,-15.0,-24.5,-6.0,-26.3,,,,-15.5,,,-51.991,,,-34.5,,,-22.001,,,,-44.992,,,,-35.0,,,-18.992,-36.967,-36.967,,,,,-32.5,-27.0,-32.75,-32.0,,-33.5,-40.5,-25.492,,,,-14.5,-19.5,-23.0,,,-6.75,,,,,,-5.25,-7.5,,,-15.217,,,,,,,,,,,-25.0,,-37.75,,,,,,,,,,,,,,,,,,,,,,,,,,,,,,,,,,,
2020-02-19 00:00:00+00:00,-14.0,-26.0,-8.491,-30.5,,,,-16.25,,,-52.992,,,-34.5,,,-22.0,,,,-44.5,,,,-35.0,,,-20.008,-43.992,-43.991,,,,,-33.0,,-33.0,-32.0,,-33.5,-37.0,-31.508,,,-32.0,-13.375,-15.999,-25.5,,,-7.25,-7.8,,-6.5,-13.0,,-2.751,-4.0,,,,,,,,,,,,,,-23.25,,-42.5,,,,,,,,,,,,,,,,,,,,,,,,,,,,,,,,,,,
2020-02-20 00:00:00+00:00,-11.5,,-3.025,,,,,-9.25,,,-40.95,,,-33.75,,,,,,,-43.492,,,,-35.0,,,-11.967,-17.975,-17.975,,,,,,,-23.0,,,,,,,,,-3.5,-11.25,,,,-2.5,,,,,,,,,,,,,,,,,,,,,-15.75,,,,,,,,,,,,,,,,,,,,,,,,,,,,,,,,,,,,,
2020-02-21 00:00:00+00:00,-18.0,-24.5,-10.5,-30.5,,,,-21.25,,,-54.0,,,-34.5,,,-23.5,,,,-45.5,,,,-35.0,,,-17.475,-37.017,-37.017,,,,,-30.0,-86.442,-33.0,-32.5,,-30.5,-37.5,-31.0,,,-32.0,-21.0,-19.25,-16.0,,,-7.25,,,-6.5,-9.75,,-5.25,-7.5,,,-24.9,,,,,,,,,,,-25.0,,-48.0,,,,,,,,,,,,,,,,,,,,,,,,,,,,,,,,,,,
2020-02-22 00:00:00+00:00,-2.15,,-8.0,,,,,-16.674,,,-53.5,,,-34.5,,,-16.438,,,,-45.008,,,,-35.0,,,-8.883,-45.5,-45.5,-40.5,,-21.292,,,,-31.691,,,-30.5,-37.5,-18.058,,,,,,,,,-4.335,,,,,,-4.669,-6.65,,,,,,,,,,,,,,,,,,,,,,,,,,,,,,,,,,,,,,,,,,,,,,,,,,,
2020-02-23 00:00:00+00:00,-15.0,-24.0,-11.0,-31.5,,,,-0.605,,,-52.483,,,-34.5,,,-21.251,,,,-42.5,,,,-35.0,,,-24.966,-32.983,-32.983,,,-9.183,,-33.5,,-32.251,-32.5,,-29.492,-35.992,-32.5,,,,,,,,,,,,,,,-7.75,-11.0,,-1.583,-46.02,,,,,,,,,,,,,,,,,,,,,,,,,,,,,,,,,,,,,,,,,,,,,,,,
2020-02-24 00:00:00+00:00,,,,,,,,,,,,,,,,,,,,,,,,,,,,,,,,,,,,,,,,,,,,,,,,,,,,,,,,,,,,,,,,,,,,,,,,,,,,,,,,,,,,,,,,,,,,,,,,,,,,,,,,,,,,,
2020-02-25 00:00:00+00:00,,,,,,,,,,,,,,,,,,,,,,,,,,,,,,,,,,,,,,,,,,,,,,,,,,,,,,,,,,,,,,,,,,,,,,,,,,,,,,,,,,,,,,,,,,,,,,,,,,,,,,,,,,,,,
2020-02-26 00:00:00+00:00,,,,,,,,,,,,,,,,,,,,,,,,,,,,,,,,,,,,,,,,,,,,,,,,,,,,,,,,,,,,,,,,,,,,,,,,,,,,,,,,,,,,,,,,,,,,,,,,,,,,,,,,,,,,,
2020-02-27 00:00:00+00:00,,,,,,,,,,,,,,,,,,,,,,,,,,,,,,,,,,,,,,,,,,,,,,,,,,,,,,,,,,,,,,,,,,,,,,,,,,,,,,,,,,,,,,,,,,,,,,,,,,,,,,,,,,,,,
2020-02-28 00:00:00+00:00,,,,,,,,,,,,,,,,,,,,,,,,,,,,,,,,,,,,,,,,,,,,,,,,,,,,,,,,,,,,,,,,,,,,,,,,,,,,,,,,,,,,,,,,,,,,,,,,,,,,,,,,,,,,,
2020-02-29 00:00:00+00:00,,,,,,,,,,,,,,,,,,,,,,,,,,,,,,,,,,,,,,,,,,,,,,,,,,,,,,,,,,,,,,,,,,,,,,,,,,,,,,,,,,,,,,,,,,,,,,,,,,,,,,,,,,,,,
2020-03-01 00:00:00+00:00,,,,,,,,,,,,,,,,,,,,,,,,,,,,,,,,,,,,,,,,,,,,,,,,,,,,,,,,,,,,-15.0,-49.5,,,,,,,,,,,,,,,,,,,,,,,,,,,,,,,,,,,,,,,,,,,,,,,,
2020-03-02 00:00:00+00:00,,,,,,,,,,,,,,,,,,,,,,,,,,,,,,,,,,,,,,,,,,,,,,,,,,,,,,,,,,,,,,,,,,,,,,,,,,,,,,,,,,,,,,,,,,,,,,,,,,,,,,,,,,,,,
2020-03-03 00:00:00+00:00,,,-6.5,,,,,,,,,,,-23.0,,,,,,,,,,-18.5,,,,,,,,,,,,,,,,-17.45,-19.942,-12.333,,,,,,,,,,,,,,,,,,,,,,,,,,,,,,,,,,,,,,,,,,,,,,,,,,,,,,,,,,,,,,,,,,,
2020-03-04 00:00:00+00:00,,,,,,,,,,,,,,,,,,,,,,,,,,,,,,,,,,,,,,,,,,,,,,,,,,,,,,,,,,,,,,,,,,,,,,,,,,,,,,,,,,,,,,,,,,,,,,,,,,,,,,,,,,,,,
2020-03-05 00:00:00+00:00,,,,,,,,,,,,,,,,,,,,,,,,,,,,,,,,,,,,,,,,,,,,,,,,,,,,,,,,,,,,,,,,,,,,,,,,,,,,,,,,,,,,,,,,,,,,,,,,,,,,,,,,,,,,,
2020-03-06 00:00:00+00:00,,,,,,,,,,,,,,,,,,,,,,,,,,,,,,,,,,,,,,,,,,,,,,,,,,,,,,,,,,,,,,,,,,,,,,,,,,,,,,,,,,,,,,,,,,,,,,,,,,,,,,,,,,,,,
2020-03-07 00:00:00+00:00,,,,,,,,,,,,,,,,,,,,,,,,,,,,,,,,,,,,,,,,,,,,,,,,,,,,,,,,,,,,,,,,,,,,,,,,,,,,,,,,,,,,,,,,,,,,,,,,,,,,,,,,,,,,,
2020-03-08 00:00:00+00:00,,,-10.517,,-15.0,-4.008,,,-31.5,-35.467,-51.975,-47.016,-29.508,-34.5,-53.492,-92.484,-19.251,,-8.525,-31.492,-42.492,,-69.0,-35.0,,-27.5,-9.492,-18.45,-10.467,,,,-40.467,,,-113.016,-26.25,,-19.008,-31.491,-32.992,-23.467,-137.708,-88.05,,,,,,,,,,,,,,,,-7.5,-51.0,,,,,,,,,,,,,,,,,,,,,,,,,,,,,,,,,,,,,,,,,,,,,,,,
2020-03-09 00:00:00+00:00,,,,,,,,,,,,,,,,,,,,,,,,,,,,,,,,,,,,,,,,,,,,,,,,,,,,,,,,,,,,,-37.874,,,,,,,,,,,,,,,,,,,,,,,,,,,,,,,,,,,,,,,,,,,,,,,,
2020-03-10 00:00:00+00:00,,,,,,,-10.992,,,,,,-16.45,,-23.917,-24.659,,,,-24.5,,-11.733,,,,,,,,,,-40.0,-19.95,,,-105.542,,,,,,,,,,,,,,,,,,,,,,,,,,,,,,,,,,,,,,,,,,,,,,,,,,,,,,,,,,,,,,,,,,,,,,,,,
2020-03-11 00:00:00+00:00,-12.0,-14.5,-8.534,-27.0,,,,-15.0,,,-43.525,,,,,,-18.75,,,,-42.5,,,-34.5,,,,-13.0,-11.042,,,,,,-22.251,,-26.0,-19.5,,-33.5,-38.5,-24.509,,,-32.0,-6.883,,-19.5,,,-7.25,,,-3.5,-6.75,,-4.0,-6.0,,,,,,,,,,,,,,,,,,,,,,,,,,,,,,,,,,,,,,,,,,,,,,,,,,,
2020-03-12 00:00:00+00:00,,,,,,,-7.492,,,,-22.217,,,,-15.867,,,,,-22.975,,-13.983,-51.485,-35.0,,,-9.492,,,,,,-22.733,,,-112.5,,,,,-11.0,-21.516,,,,,,,,,,,,,,,,,,,-7.829,,,,,,,,,,,,,,,,,,,,,,,,,,,,,,,,,,,,,,,,,,,,,,,,
2020-03-13 00:00:00+00:00,,,,,,,,-12.25,,,-27.008,,,,,,,,,,,,,-16.5,,,,-17.975,-13.992,-13.991,,,,,-17.5,,,-30.5,,-24.975,-28.475,-24.975,,,,,,,,,,,,,,,,,,,,,,,,,,,,,,,,,,,,,,,,,,,,,,,,,,,,,,,,,,,,,,,,,,,
2020-03-14 00:00:00+00:00,-0.95,,,,,,,,,,-16.984,,,-21.25,,,,,,,-44.992,,,-35.0,,,,,,,,,,,,,,,,,,-17.509,,,,,,,,,,,,,,,,,,,,,,,,,,,,,,,,,,,,,,,,,,,,,,,,,,,,,,,,,,,,,,,,,,,
2020-03-15 00:00:00+00:00,-7.5,,-9.008,,,,,,-31.5,-40.059,-42.508,-40.933,-23.959,-34.5,,,,,-0.708,-24.058,-0.983,-18.0,-69.0,-35.0,,-27.5,-8.0,,,,-13.333,,-35.517,,,-113.009,,,-19.992,,,-13.5,,-70.542,,,,,,,,,,,,,,,,,,,,,,,,,,,,,,,,,,,,,,,,,,,,,,,,,,,,,,,,,,,,,,,,,
2020-03-16 00:00:00+00:00,,,,,,,,,,,,,,,,,,,,,,,,,,,,,,,,,,,,,,,,,,,,,,,,,,,,,,,,,,,,,,,,,,,,,,,,,,,,,,,,,,,,,,,,,,,,,,,,,,,,,,,,,,,,,
2020-03-17 00:00:00+00:00,-15.0,,-11.525,,-13.0,-3.5,,-14.75,-31.5,-39.442,-52.008,-42.934,-23.533,-1.5,,,-22.0,,-8.983,-22.983,,-18.0,-69.0,-35.0,,-27.5,-7.008,-16.0,-32.992,-32.992,,,-26.983,,-22.5,-92.575,-33.0,-5.5,-9.516,-35.5,-40.5,-26.5,,-81.516,-32.0,,,-32.5,,,-7.25,,,-3.0,-4.0,,-4.5,-5.75,,,,,,,,,,,,,,,,,,,,,,,,,,,,,,,,,,,,,,,,,,,,,,,,,,,
2020-03-18 00:00:00+00:00,,,,,,,,,,,,,,,,,,,,,,,,,,,,,,,,,,,,,,,,,,,,,,,,,,,,,,,,,,,,,,,,,,,,,,,,,,,,,,,,,,,,,,,,,,,,,,,,,,,,,,,,,,,,,
2020-03-19 00:00:00+00:00,,,,,,,,,,,,,,,,,,,,,,,,,,,,,,,,,,,,,,,,,,,,,,,,,,,,,,,,,,,,,,,,,,,,,,,,,,,,,,,,,,,,,,,,,,,,,,,,,,,,,,,,,,,,,
2020-03-20 00:00:00+00:00,,,,,,,,,,,,,,,,,,,,,,,,,,,,,,,,,,,,,,,,,,,,,,,,,,,,,,,,,,,,,,,,,,,,,,,,,,,,,,,,,,,,,,,,,,,,,,,,,,,,,,,,,,,,,
2020-03-21 00:00:00+00:00,,,,,,,,,,,,,,,,,,,,,,,,,,,,,,,,,,,,,,,,,,,,,,,,,,,,,,,,,,,,,,,,,,,,,,,,,,,,,,,,,,,,,,,,,,,,,,,,,,,,,,,,,,,,,
2020-03-22 00:00:00+00:00,,,,,,,,,,,,,,,,,,,,,,,,,,,,,,,,,,,,,,,,,,,,,,,,,,,,,,,,,,,,,,,,,,,,,,,,,,,,,,,,,,,,,,,,,,,,,,,,,,,,,,,,,,,,,
2020-03-23 00:00:00+00:00,-6.5,,,,,,,,,,-45.508,,,-34.5,,,,,,,-43.0,,,-24.5,,,,,,,,,,,,,,,,-35.5,-40.5,-24.0,,,,,,,,,,,,,,,,,,,,,,,,,,,,,,,,,,,,,,,,,,,,,,,,,,,,,,,,,,,,,,,,,,,
2020-03-24 00:00:00+00:00,-2.0,-4.5,-5.508,,,,,,,,,,,-34.5,,,,,,,-22.5,,,-27.0,,,,,,,,,,,,,,,,,-40.0,-18.992,,,,,,,,,,,,,,,,,,,,,,,,,,,,,,,,,,,,,,,,,,,,,,,,,,,,,,,,,,,,,,,,,,,
2020-03-25 00:00:00+00:00,-12.5,-12.5,-10.0,-31.5,,,,,,,-13.5,,,-33.0,,,,,,,,,,-20.0,,,,-17.958,-22.983,-27.983,,,,,,,-23.25,,,,-34.483,-19.958,,,,,,,,,,,,,,,,,,,,,,,,,,-18.5,,,,,,,,,,,,,,,,,,,,,,,,,,,,,,,,,,,,,,,,,
2020-03-26 00:00:00+00:00,,,,,,,,,,,,,,,,,,,,,,,,,,,,,,,,,,,,,,,,,,,,,,,,,,,,,,,,,,,,,,,,,,,,,,,,,,,,,,,,,,,,,,,,,,,,,,,,,,,,,,,,,,,,,
2020-03-27 00:00:00+00:00,,,,,,,,,,,,,,,,,,,,,,,,,,,,,,,,,,,,,,,,,,,,,,,,,,,,,,,,,,,,,,,,,,,,,,,,,,,,,,,,,,,,,,,,,,,,,,,,,,,,,,,,,,,,,
2020-03-28 00:00:00+00:00,,,,,,,,,,,,,,,,,,,,,,,,,,,,,,,,,,,,,,,,,,,,,,,,,,,,,,,,,,,,,,,,,,,,,,,,,,,,,,,,,,,,,,,,,,,,,,,,,,,,,,,,,,,,,
2020-03-29 00:00:00+00:00,,,,,,,,,,,,,,,,,,,,,,,,,,,,,,,,,,,,,,,,,,,,,,,,,,,,,,,,,,,,,-15.167,,,,,,,,,,,,,,,,,,,,,,,,,,,,,,,,,,,,,,,,,,,,,,,,
2020-03-30 00:00:00+01:00,,,,,,,,,,,,,,,,,,,,,,,,,,,,,,,,,,,,,,,,,,,,,,,,,,,,,,,,,,,,,,,,,,,,,,,,,,,,,,,,,,,,,,,,,,,,,,,,,,,,,,,,,,,,,
2020-03-31 00:00:00+01:00,,,,,,,,,,,,,,,,,,,,,,,,,,,,,,,,,,,,,,,,,,,,,,,,,,,,,,,,,,,,,,,,,,,,,,,,,,,,,,,,,,,,,,,,,,,,,,,,,,,,,,,,,,,,,
2020-04-01 00:00:00+01:00,,,,,,,,,,,,,,,,,,,,,,,,,,,,,,,,,,,,,,,,,,,,,,,,,,,,,,,,,,,,,,,,,,,,,,,,,,,,,,,,,,,,,,,,,,,,,,,,,,,,,,,,,,,,,
2020-04-02 00:00:00+01:00,,,,,,,-7.517,,,,-47.542,-23.433,-15.475,-34.5,,,,,,-18.508,,-5.0,,,,,-7.991,,-5.992,-5.992,,,-10.525,,,-90.45,,,,,,-31.517,-60.358,,,,,,,,,,,,,,,,,,,,,,,,,,,,,,,,,,,,,,,,,,,,,,,,,,,,,,,,,,,,,,,,,,
2020-04-03 00:00:00+01:00,,,,,,,,,,,,,,,,,,,,,,,,,,,,,,,,,,,,,,,,,,,,,,,,,,,,,,,,,,,,,,,,,,,,,,,,,,,,,,,,,,,,,,,,,,,,,,,,,,,,,,,,,,,,,
2020-04-04 00:00:00+01:00,,,,,,,,,,,,,,,,,,,,,,,,,,,,,,,,,,,,,,,,,,,,,,,,,,,,,,,,,,,,,,,,,,,,,,,,,,,,,,,,,,,,,,,,,,,,,,,,,,,,,,,,,,,,,
2020-04-05 00:00:00+01:00,-0.5,,,,,,,,,,,,,,,,,,,,,,,,,,,,,,,,,,,,,,,,,,,,,,,,,,,,,,,,,,,,,,,,,,,,,,,,,,,,,,,,,,,,,,,,,,,,,,,,,,,,,,,,,,,,
2020-04-06 00:00:00+01:00,-7.5,,-9.533,,,,,,-31.5,-44.033,-54.0,-38.525,-23.533,-34.5,,,,,,-32.0,-21.5,-15.967,-3.3,-23.0,-16.0,-27.5,-8.483,-27.492,-36.558,-36.558,-34.125,,-40.0,-33.625,,-114.0,-31.25,,,,,-31.0,-134.05,-85.05,,,,,,,,,,,,,,,,,,,-8.008,,,,,,,,,,,,,,,,,,,,,,,,,,,,,,,,,,,,,,,,,,,,,,
2020-04-07 00:00:00+01:00,,,,,,,,,,,,,,,,,,,,,,,,,,,,,,,,,,,,,,,,,,,,,,,,,,,,,,,,,,,,,,,,,,,,,,,,,,,,,,,,,,,,,,,,,,,,,,,,,,,,,,,,,,,,,
2020-04-08 00:00:00+01:00,-4.0,,,,,,,,,,,,,,,,,,,,,,,,,,,,,,,,,,,,,,,,,,,,,,,,,,,,,,,,,,,,,,,,,,,,,,,,,,,,,,,,,,,,,,,,,,,,,,,,,,,,,,,,,,,,
2020-04-09 00:00:00+01:00,,,,,,,,,,,,,,,,,,,,,,,,,,,,,,,,,,,,,,,,,,,,,,,,,,,,,,,,,,,,,,,,,,,,,,,,,,,,,,,,,,,,,,,,,,,,,,,,,,,,,,,,,,,,,
2020-04-10 00:00:00+01:00,,,,,,,,,,,,,,,,,,,,,,,,,,,,,,,,,,,,,,,,,,,,,,,,,,,,,,,,,,,,,,,,,,,,,,,,,,,,,,,,,,,,,,,,,,,,,,,,,,,,,,,,,,,,,
2020-04-11 00:00:00+01:00,,,,,,,,,,,,,,,,,,,,,,,,,,,,,,,,,,,,,,,,,,,,,,,,,,,,,,,,,,,,,,,,,,,,,,,,,,,,,,,,,,,,,,,,,,,,,,,,,,,,,,,,,,,,,
2020-04-12 00:00:00+01:00,,,,,,,,,,,,,,,,,,,,,,,,,,,,,,,,,,,,,,,,,,,,,,,,,,,,,,,,,,,,,,,,,,,,,,,,,,,,,,,,,,,,,,,,,,,,,,,,,,,,,,,,,,,,,
2020-04-13 00:00:00+01:00,,,,,,,,,,,,,,,,,,,,,,,,,,,,,,,,,,,,,,,,,,,,,,,,,,,,,,,,,,,,,,,,,,,,,,,,,,,,,,,,,,,,,,,,,,,,,,,,,,,,,,,,,,,,,
2020-04-14 00:00:00+01:00,,,,,,,,,,,,,,,,,,,,,,,,,,,,,,,,,,,,,,,,,,,,,,,,,,,,,,,,,,,,,,,,,,,,,,,,,,,,,,,,,,,,,,,,,,,,,,,,,,,,,,,,,,,,,
2020-04-15 00:00:00+01:00,,,,,,,,,,,,,,,,,,,,,,,,,,,,,,,,,,,,,,,,,,,,,,,,,,,,,,,,,,,,,,,,,,,,,,,,,,,,,,,,,,,,,,,,,,,,,,,,,,,,,,,,,,,,,
2020-04-16 00:00:00+01:00,,,,,,,,,,,,,,,,,,,,,,,,,,,,,,,,,,,,,,,,,,,,,,,,,,,,,,,,,,,,,,,,,,,,,,,,,,,,,,,,,,,,,,,,,,,,,,,,,,,,,,,,,,,,,
2020-04-17 00:00:00+01:00,,,,,,,,,,,,,,,,,,,,,,,,,,,,,,,,,,,,,,,,,,,,,,,,,,,,,,,,,,,,,,,,,,,,,,,,,,,,,,,,,,,,,,,,,,,,,,,,,,,,,,,,,,,,,
2020-04-18 00:00:00+01:00,,,,,,,,,,,,,,,,,,,,,,,,,,,,,,,,,,,,,,,,,,,,,,,,,,,,,,,,,,,,,,,,,,,,,,,,,,,,,,,,,,,,,,,,,,,,,,,,,,,,,,,,,,,,,
2020-04-19 00:00:00+01:00,,,,,,,,,,,,,,,,,,,,,,,,,,,,,,,,,,,,,,,,,,,,,,,,,,,,,,,,,,,,,,,,,,,,,,,,,,,,,,,,,,,,,,,,,,,,,,,,,,,,,,,,,,,,,
2020-04-20 00:00:00+01:00,,,,,,,,,,,,,,,,,,,,,,,,,,,,,,,,,,,,,,,,,,,,,,,,,,,,,,,,,,,,,,,,,,,,,,,,,,,,,,,,,,,,,,,,,,,,,,,,,,,,,,,,,,,,,
2020-04-21 00:00:00+01:00,,,,,,,,,,,,,,,,,,,,,,,,,,,,,,,-29.0,,,,,,,,,,,,,,,,,,,,,,,,,,,,,,,,,,,,,,,,,,,,,,,,,,,,,,,,,,,,,,,,,,,,,,,,,,,,,,
2020-04-21 00:30:00+01:00,,,,,,,,,,,,,,,,,,,,,,,,,,,,,,,-29.0,,,,,,,,,,,,,,,,,,,,,,,,,,,,,,,,,,,,,,,,,,,,,,,,,,,,,,,,,,,,,,,,,,,,,,,,,,,,,,
2020-04-21 01:00:00+01:00,,,,,,,,,,,,,,,,,,,,,,,,,,,,,,,-25.133,,,,,,,,,,,,,,,,,,,,,,,,,,,,,,,,,,,,,,,,,,,,,,,,,,,,,,,,,,,,,,,,,,,,,,,,,,,,,,
2020-04-21 01:30:00+01:00,,,,,,,,,,,,,,,,,,,,,,,,,,,,,,,,,,,,,,,,,,,,,,,,,,,,,,,,,,,,,,,,,,,,,,,,,,,,,,,,,,,,,,,,,,,,,,,,,,,,,,,,,,,,,
2020-04-22 01:30:00+01:00,,,,,,,,,,,,,,,,,,,,,,,,,,,,,,,,,,,,,,,,,,,,,,,,,,,,,,,,,,,,,,,,,,,,,,,,,,,,,,,,,,,,,,,,,,,,,,,,,,,,,,,,,,,,,
2020-04-23 01:30:00+01:00,,,,,,,,,,,,,,,,,,,,,,,,,,,,,,,,,,,,,,,,,,,,,,,,,,,,,,,,,,,,,,,,,,,,,,,,,,,,,,,,,,,,,,,,,,,,,,,,,,,,,,,,,,,,,
2020-04-24 01:30:00+01:00,,,,,,,,,,,,,,,,,,,,,,,,,,,,,,,,,,,,,,,,,,,,,,,,,,,,,,,,,,,,,,,,,,,,,,,,,,,,,,,,,,,,,,,,,,,,,,,,,,,,,,,,,,,,,
2020-04-25 01:30:00+01:00,,,,,,,,,,,,,,,,,,,,,,,,,,,,,,,,,,,,,,,,,,,,,,,,,,,,,,,,,,,,,,,,,,,,,,,,,,,,,,,,,,,,,,,,,,,,,,,,,,,,,,,,,,,,,
2020-04-26 01:30:00+01:00,,,,,,,,,,,,,,,,,,,,,,,,,,,,,,,,,,,,,,,,,,,,,,,,,,,,,,,,,,,,,,,,,,,,,,,,,,,,,,,,,,,,,,,,,,,,,,,,,,,,,,,,,,,,,
2020-04-27 01:30:00+01:00,,,,,,,,,,,,,,,,,,,,,,,,,,,,,,,,,,,,,,,,,,,,,,,,,,,,,,,,,,,,,,,,,,,,,,,,,,,,,,,,,,,,,,,,,,,,,,,,,,,,,,,,,,,,,
2020-04-27 02:00:00+01:00,,,,,,,,,,,,,,,,,,,,,,,,,,,,,,,,,,,,,,,,,,,,,,,,,,,,,,,,,,,,,,,,,,,,,,,,,,,,,,,,,,,,,,,,,,,,,,,,,,,,,,,,,,,,,
2020-04-28 02:00:00+01:00,,,,,,,,,,,,,,,,,,,,,,,,,,,,,,,,,,,,,,,,,,,,,,,,,,,,,,,,,,,,,,,,,,,,,,,,,,,,,,,,,,,,,,,,,,,,,,,,,,,,,,,,,,,,,
2020-04-29 02:00:00+01:00,,,,,,,,,,,,,,,,,,,,,,,,,,,,,,,,,,,,,,,,,,,,,,,,,,,,,,,,,,,,,,,,,,,,,,,,,,,,,,,,,,,,,,,,,,,,,,,,,,,,,,,,,,,,,
2020-04-30 02:00:00+01:00,,,,,,,,,,,,,,,,,,,,,,,,,,,,,,,,,,,,,,,,,,,,,,,,,,,,,,,,,,,,,,,,,,,,,,,,,,,,,,,,,,,,,,,,,,,,,,,,,,,,,,,,,,,,,
2020-05-01 02:00:00+01:00,,,,,,,,,,,,,,,,,,,,,,,,,,,,,,,,,,,,,,,,,,,,,,,,,,,,,,,,,,,,,,,,,,,,,,,,,,,,,,,,,,,,,,,,,,,,,,,,,,,,,,,,,,,,,
2020-05-02 02:00:00+01:00,,,,,,,,,,,,,,,,,,,,,,,,,,,,,,,,,,,,,,,,,,,,,,,,,,,,,,,,,,,,,,,,,,,,,,,,,,,,,,,,,,,,,,,,,,,,,,,,,,,,,,,,,,,,,
2020-05-03 02:00:00+01:00,,,,,,,,,,,,,,,,,,,,,,,,,,,,,,,,,,,,,,,,,,,,,,,,,,,,,,,,,,,,,,,,,,,,,,,,,,,,,,,,,,,,,,,,,,,,,,,,,,,,,,,,,,,,,
2020-05-03 02:30:00+01:00,,,,,,,,,,,,,,,,,,,,,,,,,,,,,,,,,,,,,,,,,,,,,,,,,,,,,,,,,,,,,,,,,,,,,,,,,,,,,,,,,,,,,,,,,,,,,,,,,,,,,,,,,,,,,
2020-05-04 02:30:00+01:00,,,,,,,,,,,,,,,,,,,,,,,,,,,,,,,,,,,,,,,,,,,,,,,,,,,,,,,,,,,,,,,,,,,,,,,,,,,,,,,,,,,,,,,,,,,,,,,,,,,,,,,,,,,,,
2020-05-05 02:30:00+01:00,,,,,,,,,,,,,,,,,,,,,,,,,,,,,,,,,,,,,,,,,,,,,,,,,,,,,,,,,,,,,,,,,,,,,,,,,,,,,,,,,,,,,,,,,,,,,,,,,,,,,,,,,,,,,
2020-05-06 02:30:00+01:00,,,,,,,,,,,,,,,,,,,,,,,,,,,,,,,,,,,,,,,,,,,,,,,,,,,,,,,,,,,,,,,,,,,,,,,,,,,,,,,,,,,,,,,,,,,,,,,,,,,,,,,,,,,,,
2020-05-07 02:30:00+01:00,,,,,,,,,,,,,,,,,,,,,,,,,,,,,,,,,,,,,,,,,,,,,,,,,,,,,,,,,,,,,,,,,,,,,,,,,,,,,,,,,,,,,,,,,,,,,,,,,,,,,,,,,,,,,
2020-05-08 02:30:00+01:00,,,,,,,,,,,,,,,,,,,,,,,,,,,,,,,,,,,,,,,,,,,,,,,,,,,,,,,,,,,,,,,,,,,,,,,,,,,,,,,,,,,,,,,,,,,,,,,,,,,,,,,,,,,,,
2020-05-09 02:30:00+01:00,,,,,,,,,,,,,,,,,,,,,,,,,,,,,,,,,,,,,,,,,,,,,,,,,,,,,,,,,,,,,,,,,,,,,,,,,,,,,,,,,,,,,,,,,,,,,,,,,,,,,,,,,,,,,
2020-05-09 03:00:00+01:00,,,,,,,,,,,,,,,,,,,,,,,,,,,,,,,,,,,,,,,,,,,,,,,,,,,,,,,,,,,,,,,,,,,,,,,,,,,,,,,,,,,,,,,,,,,,,,,,,,,,,,,,,,,,,
2020-05-10 03:00:00+01:00,,,,,,,,,,,,-12.5,,,,,,,,-3.975,,,,,,,,,,,,,,,,,,,,,,,-45.0,-25.625,,,,,,,,,,,,,,,,,,,,,,,,,,,,,,,,,,,,,,,,,,,,,,,,,,,,,,,,,,,,,,,,,
2020-05-11 03:00:00+01:00,,,,,,,,,,,,,,,,,,,,,,,,,,,,,,,,,,,,,,,,,,,,,,,,,,,,,,,,,,,,-51.0,-47.0,,,,,,,,,,,,,,,,,,,,,,,,,,,,,,,,,,,,,,,,,,,,,,,,
2020-05-12 03:00:00+01:00,,,,,,,,,,,,,,,,,,,,,,,,,,,,,,,,,,,,,,,,,,,,,,,,,,,,,,,,,,,,,,,,,,,-3.317,-6.092,,,,,,,,,,,,,,,,,,,,,,,,,,,,,,,,,,,,,,,,,
2020-05-13 03:00:00+01:00,,,,,,,,,,,,,,,,,,,,,,,,,,,,,,,,,,,,,,,,,,,,,,,,,,,,,,,,,,,,,,,,,,,,,,,,,,,,,,,,,,,,,,,,,,,,,,,,,,,,,,,,,,,,,
2020-05-14 03:00:00+01:00,,,,,,,,,,,,,,,,,,,,,,,,,,,,,,,,,,,,,,,,,,,,,,,,,,,,,,,,,,,,,,,,,,,,,,,,,,,,,,,,,,,,,,,,,,,,,,,,,,,,,,,,,,,,,
2020-05-15 03:00:00+01:00,,,,,,,,,,,,,,,,,,,,,,,,,,,,,,,,,,,,,,,,,,,,,,,,,,,,,,,,,,,,,,,,,,,,,,,,,,,,,,,,,,,,,,,,,,,,,,,,,,,,,,,,,,,,,
2020-05-15 03:30:00+01:00,,,,,,,,,,,,,,,,,,,,,,,,,,,,,,,,,,,,,,,,,,,,,,,,,,,,,,,,,,,,,,,,,,,,,,,,,,,,,,,,,,,,,,,,,,,,,,,,,,,,,,,,,,,,,
2020-05-16 03:30:00+01:00,,,,,,,,,,,,,,,,,,,,,,,,,,,,,,,,,,,,,,,,,,,,,,,,,,,,,,,,,,,,,,,,,,,,,,,,,,,,,,,,,,,,,,,,,,,,,,,,,,,,,,,,,,,,,
2020-05-17 03:30:00+01:00,,,,,,,,,,,,,,,,,,,,,,,,,,,,,,,,,,,,,,,,,,,,,,,,,,,,,,,,,,,,,,,,,,,,,,,,,,,,,,,,,,,,,,,,,,,,,,,,,,,,,,,,,,,,,
2020-05-18 03:30:00+01:00,,,,,,,,,,,,,,,,,,,,,,,,,,,,,,,,,,,,,,,,,,,,,,,,,,,,,,,,,,,,,,,,,,,,,,,,,,,,,,,,,,,,,,,,,,,,,,,,,,,,,,,,,,,,,
2020-05-19 03:30:00+01:00,,,,,,,,,,,,,,,,,,,,,,,,,,,,,,,,,,,,,,,,,,,,,,,,,,,,,,,,,,,,,,,,,,,,,,,,,,,,,,,,,,,,,,,,,,,,,,,,,,,,,,,,,,,,,
2020-05-20 03:30:00+01:00,,,,,,,,,,,,,,,,,,,,,,,,,,,,,,,,,,,,,,,,,,,,,,,,,,,,,,,,,,,,,,,,,,,,,,,,,,,,,,,,,,,,,,,,,,,,,,,,,,,,,,,,,,,,,
2020-05-21 03:30:00+01:00,,,,,,,,,,,,,,,,,,,,,,,,,,,,,,,,,,,,,,,,,,,,,,,,,,,,,,,,,,,,,,,,,,,,,,,,,,,,,,,,,,,,,,,,,,,,,,,,,,,,,,,,,,,,,
2020-05-21 04:00:00+01:00,,,,,,,,,,,,,,,,,,,,,,,,,,,,,,,,,,,,,,,,,,,,,,,,,,,,,,,,,,,,,,,,,,,,,,,,,,,,,,,,,,,,,,,,,,,,,,,,,,,,,,,,,,,,,
2020-05-22 04:00:00+01:00,,-14.5,,-24.542,-15.042,-5.017,-9.517,-15.0,-31.5,-54.434,-45.991,-33.525,-16.975,-34.5,-82.06700000000001,-85.533,-20.5,-59.0,-11.015999999999998,-28.991,-41.509,-13.017,,-17.0,-17.0,-27.5,-10.0,,-26.517,-26.516,,,-45.0,-30.967,-31.75,-114.0,-16.5,-23.25,-22.0,-36.0,-41.0,-26.5,-84.975,-55.400000000000006,-32.0,,-14.5,-18.5,-18.0,-12.5,,,-14.5,,,-12.0,,,-23.0,-38.5,-50.5,-14.0,,-28.5,,,,,-26.5,-53.017,,,,-50.5,,,,,,,,,,-21.5,,-4.75,-27.575,-43.05,,,,,,,,,,,,,,,,,,,,,
2020-05-23 04:00:00+01:00,-2.5,-23.5,-1.5,-26.5,-16.5,,,-23.0,-31.5,,,-56.917,-25.492,-34.5,-93.5,-93.5,-23.5,-69.0,-11.992,-31.991,,-15.5,,,,-27.5,-9.5,,-46.008,-46.008,-7.5,-70.5,,-62.467,-33.5,-106.5,-10.0,,-19.0,,,-30.991,-152.483,-101.5,-32.0,,-20.0,-38.0,-18.0,-12.5,-7.5,,-14.5,-6.5,,-18.5,,,-23.0,,,-16.0,,-30.5,,,,,-26.5,-62.0,,,,-54.5,,,,,,,,,-17.0,,-10.5,-4.75,,,,,,,,,,,,,,,,,,,,,,,
2020-05-24 04:00:00+01:00,,-24.0,-13.0,-24.298,-12.508,-4.5,-11.517,,-31.5,-39.025,-42.958,-40.375,-24.875,-34.0,-88.0,,-23.5,,-9.492,-25.958,-41.992,-11.516,-72.0,-19.5,-19.5,-27.5,-7.0,,-30.958,-30.958,-12.500000000000002,-55.5,-34.475,-35.0,,-73.025,-33.5,,-19.025,-33.991,-38.492,-33.491,-98.608,-84.892,,,,,,,,,,,,,,,,,,-16.0,,,,,,,,,,,,,,,,,,,,,-17.0,,,,,,,,,,,,,,,,,,,,,,,,,,
2020-05-25 04:00:00+01:00,-0.775,,,,,,,,,,,,,,,,,,,,,,,,,,,,,,,,,,,,,,,,,,,,,,,,,,,,,,,,,,,,,,,,,,,,,,,,,,,,,,,,,,,,,,,,,,,,,,,,,,,,,,,,,,,,
2020-05-26 04:00:00+01:00,,,,,,,,,,,,,,,,,,,,,,,,,,,,,,,,,,,,,,,,,,,,,,,,,,,,,,,,,,,,,,,,,,,,,,,,,,,,,,,,,,,,,,,,,,,,,,,,,,,,,,,,,,,,,
2020-05-27 04:00:00+01:00,,,,,,,,,,,,,,,,,,,,,,,,,,,,,,,,,,,,,,,,,,,,,,,,,,,,,,,,,,,,,,,,,,,,,,,,,,,,,,,,,,,,,,,,,,,,,,,,,,,,,,,,,,,,,
2020-05-27 04:30:00+01:00,,,,,,,,,,,,,,,,,,,,,,,,,,,,,,,,,,,,,,,,,,,,,,,,,,,,,,,,,,,,,,,,,,,,,,,,,,,,,,,,,,,,,,,,,,,,,,,,,,,,,,,,,,,,,
2020-05-28 04:30:00+01:00,,,,,,,,,,,,,,,,,,,,,,,,,,,,,,,,,,,,,,,,,,,,,,,,,,,,,,,,,,,,,,,,,,,,,,,,,,,,,,,,,,,,,,,,,,,,,,,,,,,,,,,,,,,,,
2020-05-29 04:30:00+01:00,,,,,,,,,,,,,,,,,,,,,,,,,,,,,,,,,,,,,,,,,,,,,,,,,,,,,,,,,,,,,,,,,,,,,,,,,,,,,,,,,,,,,,,,,,,,,,,,,,,,,,,,,,,,,
2020-05-30 04:30:00+01:00,,,,,,,,,,,,,,,,,,,,,,,,,,,,,,,,,,,,,,,,,,,,,,,,,,,,,,,,,,,,,,,,,,,,,,,,,,,,,,,,,,,,,,,,,,,,,,,,,,,,,,,,,,,,,
2020-05-31 04:30:00+01:00,,,,,,,,,,,,,,,,,,,,,,,,,,,,,,,,,,,,,,,,,,,,,,,,,,,,,,,,,,,,,,,,,,,,,,,,,,,,,,,,,,,,,,,,,,,,,,,,,,,,,,,,,,,,,
2020-06-01 04:30:00+01:00,,,,,,,,,,,,,,,,,,,,,,,,,,,,,,,,,,,,,,,,,,,,,,,,,,,,,,,,,,,,,,,,,,,,,,,,,,,,,,,,,,,,,,,,,,,,,,,,,,,,,,,,,,,,,
2020-06-02 04:30:00+01:00,,,,,,,,,,,,,,,,,,,,,,,,,,,,,,,,,,,,,,,,,,,,,,,,,,,,,,,,,,,,,,,,,,,,,,,,,,,,,,,,,,,,,,,,,,,,,,,,,,,,,,,,,,,,,
2020-06-02 05:00:00+01:00,,,,,,,,,,,,,,,,,,,,,,,,,,,,,,,,,,,,,,,,,,,,,,,,,,,,,,,,,,,,,,,,,,,,,,,,,,,,,,,,,,,,,,,,,,,,,,,,,,,,,,,,,,,,,
2020-06-03 05:00:00+01:00,-1.0,,,,,,,,,,,,,,,,,,,,,,,,,,,,,,,,,,,,,,,,,,,,,,,,,,,,,,,,,,,,,,,,,,,,,,,,,,,,,,-7.25,,,,,,,,,,,,,,,,,,,,,,,,,,,,,,
2020-06-04 05:00:00+01:00,,,,,,,,,,,,,,,,,,,,,,,,,,,,,,,,,,,,,,,,,,,,,,,,,,,,,,,,,,,,,,,,,,,,,,,,,,,,,,,,,,,,,,,,,,,,,,,,,,,,,,,,,,,,,
2020-06-05 05:00:00+01:00,,,,,,,,,,,,,,,,,,,,,,,,,,,,,,,,,,,,,,,,,,,,,,,,,,,,,,,,,,,,-41.375,-45.5,,,,,,,,,,,,,,,,,,,,,,,,,,,,,,,,,,,,,,,,,,,,,,,,
2020-06-06 05:00:00+01:00,-10.5,,,,,,,,,,,,,,,,,,,,,,,,,,,,,,,,,,,,,,,,,,,,,,,,,,,,,,,,,,,-56.0,-46.5,,,,,,,,,,,,,,,,,,,,,,,,,,,,,,,,,,,,,,,,,,,,,,,,
2020-06-07 05:00:00+01:00,,,,,,,,,,,,,,,,,,,,,,,,,,,,,,,,,,,,,,,,,,-21.499,,,,,,,,,,,,,,,,,,,,,,,,,,,,,,,,,,,,,,,,,,,,,,,,,,,,,,,,,,,,,,,,,,,
2020-06-08 05:00:00+01:00,,,,,,,,,,,,,,,,,,,,,,,,,,,,,,,,,,,,,,,,,,,,,,,,,,,,,,,,,,,,,,,,,,,,,,,,,,,,,,,,,,,,,,,,,,,,,,,,,,,,,,,,,,,,,
2020-06-08 05:30:00+01:00,,,,,,,,,,,,,,,,,,,,,,,,,,,,,,,,,,,,,,,,,,,,,,,,,,,,,,,,,,,,,,,,,,,,,,,,,,,,,,,,,,,,,,,,,,,,,,,,,,,,,,,,,,,,,
2020-06-09 05:30:00+01:00,,,,,,,,,,,,,,,,,,,,,,,,,,,,,,,,,,,,,,,,,,,,,,,,,,,,,,,,,,,,,,,,,,,,,,,,,,,,,,,,,,,,,,,,,,,,,,,,,,,,,,,,,,,,,
2020-06-10 05:30:00+01:00,,,,,,,,,,,,,,,,,,,,,,,,,,,,,,,,,,,,,,,,,,,,,,,,,,,,,,,,,,,,,,,,,,,,,,,,,,,,,,,,,,,,,,,,,,,,,,,,,,,,,,,,,,,,,
2020-06-11 05:30:00+01:00,,,,,,,,,,,,,,,,-52.067,,,,,,,-49.0,,,,,,,,-50.5,-18.0,,-35.508,,-106.058,,,,,,,,,,,,,,,,,,,,,,,,,,,,,,,-6.766,-28.5,,,,,,,,,,,,,,,,,,,,,,,,,,,,,,,,,,,,,,,,,
2020-06-12 05:30:00+01:00,,,,,,,,,-31.5,-30.958,,-41.042,,,,,,,,,,,-65.0,,,,,,,,,,,-55.5,,-81.583,,,,,,,-119.483,,,,,,,,,,,,,,,,,,,,,,,,,,,,,,,,,,,,,,,,,,,,,,,,,,,,,,,,,,,,,,,,,,
2020-06-13 05:30:00+01:00,,,,,,,,,,,,,,,,,,,,,,,,,,,,,,,,,,,,,,,,,,,,,,,,,,,,,,,,,,,,,,,,,,,,,,,,,,,,,,,,,,,,,,,,,,,,,,,,,,,,,,,,,,,,,
2020-06-14 05:30:00+01:00,,,,,,,,,,,,,,,,,,,,,,,,,,,,,,,,,,,,,,,,,,,,,,,,,,,,,,,,,,,,,,,,,,,,,,,,,,,,,,,,,,,,,,,,,,,,,,,,,,,,,,,,,,,,,
2020-06-14 06:00:00+01:00,,,,,,,,,,,,,,,,,,,,,,,,,,,,,,,,,,,,,,,,,,,,,,,,,,,,,,,,,,,,,,,,,,,,,,,,,,,,,,,,,,,,,,,,,,,,,,,,,,,,,,,,,,,,,
2020-06-15 06:00:00+01:00,,,,,,,,,,,,,,,,,,,,,,,,,,,,,,,,,,,,,,,,,,,,,,,,,,,,,,,,,,,,,,,,,,,,,,,,,,,,,,,,,,,,,,,,,,,,,,,,,,,,,,,,,,,,,
2020-06-16 06:00:00+01:00,,,,,,,,,,,,,,,,,,,,,,,,,,,,,,,,,,,,,,,,,,,,,,,,,,,,,,,,,,,,,,,,,,,,,,,,,,,,,,,,,,,,,,,,,,,,,,,,,,,,,,,,,,,,,
2020-06-17 06:00:00+01:00,,,,,,,,,,,,,,,,,,,,,,,,,,,,,,,,,,,,,,,,,,,,,,,,,,,,,,,,,,,,,,,,,,,,,,,,,,,,,,,,,,,,,,,,,,,,,,,,,,,,,,,,,,,,,
2020-06-18 06:00:00+01:00,,,,,,,,,,,,,,,,,,,,,,,,,,,,,,,,,,,,,,,,,,,,,,,,,,,,,,,,,,,,,,,,,,,,,,,,,,,,,,,,,,,,,,,,,,,,,,,,,,,,,,,,,,,,,
2020-06-19 06:00:00+01:00,,,,,,,,,,,,,,,,,,,,,,,,,,,,,,,,,,,,,,,,,,,,,,,,,,,,,,,,,,,,,,,,,,,,,,,,,,,,,,,,,,,,,,,,,,,,,,,,,,,,,,,,,,,,,
2020-06-20 06:00:00+01:00,,,,,,,,,,,,,,,,,,,,,,,,,,,,,,,,,,,,,,,,,,,,,,,,,,,,,,,,,,,,,,,,,,,,,,,,,,,,,,,,,,,,,,,,,,,,,,,,,,,,,,,,,,,,,
2020-06-20 06:30:00+01:00,,,,,,,,,,,,,,,,,,,,,,,,,,,,,,,,,,,,,,,,,,,,,,,,,,,,,,,,,,,,,,,,,,,,,,,,,,,,,,,,,,,,,,,,,,,,,,,,,,,,,,,,,,,,,
2020-06-21 06:30:00+01:00,-2.625,-15.5,,-20.0,,,-4.517,-2.75,-13.499999999999998,-23.658,-11.992,,-13.475,-23.501,-69.533,-79.017,,-21.332,,-15.033,-41.992,-3.967,-49.75,-17.0,-16.0,-18.5,-4.5,,-15.492,-15.491,,,-17.425,-24.966,-16.0,-53.125,-7.75,-8.0,-12.033,-33.992,-38.992,-20.492,-6.491,-34.025,,,,-18.347,-13.25,-8.001000000000001,-5.75,-6.5,-8.5,,,,-3.75,-5.75,,,,-12.999,-1.5,-26.25,,,,,,-50.0,,,,,,,,,,,,,-13.5,,,,,,,,,,,,,,,,,,,,,,,,,,
2020-06-22 06:30:00+01:00,,,,,,,,,,,,,,,,,,,,,,,,,,,,,,,,,,,,,,,,,,,,,,,,,,,,,,,,,,,,,,,,,,,,,,,,,,,,,,,,,,,,,,,,,,,,,,,,,,,,,,,,,,,,,
2020-06-23 06:30:00+01:00,,,,,,,,,,,,,,,,,,,,,,,,,,,,,,,,,,,,,,,,,,,,,,,,,,,,,,,,,,,,,,,,,,,,,,,,,,,,,,,,,,,,,,,,,,,,,,,,,,,,,,,,,,,,,
2020-06-24 06:30:00+01:00,,,,,,,,,,,,,,,,,,,,,,,,,,,,,,,,,,,,,,,,,,,,,,,,,,,,,,,,,,,,,,,,,,,,,,,,,,,,,,,,,,,,,,,,,,,,,,,,,,,,,,,,,,,,,
2020-06-25 06:30:00+01:00,,,,,,,,,,,,,,,,,,,,,,,,,,,,,,,,,,,,,,,,,,,,,,,,,,,,,,,,,,,,,,,,,,,,,,,,,,,,,,,,,,,,,,,,,,,,,,,,,,,,,,,,,,,,,
2020-06-26 06:30:00+01:00,,,,,,,,,,,,,,,,,,,,,,,,,,,,,,,,,,,,,,,,,,,,,,,,,,,,,,,,,,,,,,,,,,,,,,,,,,,,,,,,,,,,,,,,,,,,,,,,,,,,,,,,,,,,,
2020-06-26 07:00:00+01:00,,,,,,,,,,,,,,,,,,,,,,,,,,,,,,,,,,,,,,,,,,,,,,,,,,,,,,,,,,,,,,,,,,,,,,,,,,,,,,,,,,,,,,,,,,,,,,,,,,,,,,,,,,,,,
2020-06-27 07:00:00+01:00,,,,,,,,,,,,,,,,,,,,,,,,,,,,,,,,,,,,,,,,,,,,,,,,,,,,,,,,,,,,,,,,,,,-8.817,-5.091,,,,,,,,,,,,,,,,,,,,,,,,,,,,,,,,,,,,,,,,,
2020-06-28 07:00:00+01:00,,-6.0,,-7.5,-12.983,,-13.467,-2.0,-30.0,-47.508,,,-11.575,-9.75,-80.033,-51.5,,-63.5,,-32.458,-12.0,-12.575,-64.25,-6.0,-6.0,-27.5,-9.0,,-2.5,-2.5,-35.021,,-37.5,-50.908,-2.5,-112.517,,-9.75,-18.008000000000003,-4.008,-4.508,-4.0,-138.392,-35.050000000000004,,,-5.25,-14.5,-17.5,-11.25,-2.25,-2.75,-7.0,-1.5,-3.0,-13.5,-1.5,-2.5,-10.751,,-56.501,-14.5,-5.5,-30.5,,,,,-25.75,-56.492,-11.0,,,-1.5,,-6.75,,,,,,,-12.5,-4.25,-10.0,,,,,,,-2.0,-6.0,,,,,,,,,,,,,,,,
2020-06-29 07:00:00+01:00,-2.0,-2.5,-0.5,-12.5,-13.992,-1.492,-10.5,-1.5,-24.5,-37.067,-14.483,,-21.483,-22.25,-64.133,-51.5,-3.5,-12.563,-4.0,-22.975,-25.958,-15.5,-54.5,-8.5,-8.5,-27.5,-8.5,,-11.017,-11.017,-13.5,,-28.958,-35.542,-7.25,-83.55,-2.5,-11.0,-18.0,-15.492,-17.5,-1.0,-77.608,-59.533,-23.75,,-2.6700000000000004,-1.333,-17.0,-11.0,-0.25,-2.0,-11.0,-1.5,-1.0,-15.25,-2.5,-3.75,,,-51.0,-14.5,-7.017,-30.0,,,,,,-50.467,-8.75,,,,-14.0,,,,,,,,-14.5,-6.876,,,,,,,,,,,,,,,,,,,,,,,,,
2020-06-30 07:00:00+01:00,,,,,,,,,,,,,,,,,,,,,,,,,,,,,,,,,,,,,,,,,,,,,,,,,,,,,,,,,,,,,,,,,,,,,,,,,,,,,,,,,,,,,,,,,,,,,,,,,,,,,,,,,,,,,
2020-07-01 07:00:00+01:00,,,,,,,,,,,,,,,,,,,,,,,,,,,,,,,,,,,,,,,,,,,,,,,,,,,,,,,,,,,,,,,,,,,,,,,,,,,,,,,,,,,,,,,,,,,,,,,,,,,,,,,,,,,,,
2020-07-02 07:00:00+01:00,,,,,,,,,,,,,,,,,,,,,,,,,,,,,,,,,,,,,,,,,,,,,,,,,,,,,,,,,,,,,,,,,,,,,,,,,,,,,,,,,,,,,,,,,,,,,,,,,,,,,,,,,,,,,
2020-07-02 07:30:00+01:00,,,,,,,,,,,,,,,,,,,,,,,,,,,,,,,,,,,,,,,,,,,,,,,,,,,,,,,,,,,,,,,,,,,,,,,,,,,,,,,,,,,,,,,,,,,,,,,,,,,,,,,,,,,,,
2020-07-03 07:30:00+01:00,,,,,,,,,,,,,,,,,,,,-19.041,,,,,,,,,,,,,,,,-82.158,,,,,,,,,,,,,,,,,,,,,,,,,,,,,,,,,,,,,,,,,,,,,,,,,,,,,,,,,,,,,,,,,,,,,,,,,
2020-07-04 07:30:00+01:00,,,,,,,,,,,,,,,,,,,,,,,,,,,,,,,,,,,,,,,,,,,,,,,,,,,,,,,,,,,,,,,,,,,,,,,,,,,,,,,,,,,,,,,,,,,,,,,-22.0,,,,,,,,,,,,,,
2020-07-05 07:30:00+01:00,,,,,,,,,,-26.025,,,-25.483,,-93.5,-93.5,,,,-29.009,,,-72.0,,,,-8.992,,,,-30.5,,-42.475,-48.1,,-113.975,,,,-27.517,-31.517000000000003,,-69.7,,,,,,,,,,,,,,,,,-16.0,,-16.0,,,,,,,,-64.0,,,,,,,,,,,,,-17.0,,,,,,,,,,,,-43.0,,,,,,,,,,,,,,
2020-07-06 07:30:00+01:00,,-23.0,-9.0,,,,,,,,-23.033,,,-26.0,,,-12.75,,,,-27.508,,,,,,,,,,,,,,,,-23.25,,,,,-26.5,,,-32.0,,,-34.5,,,,,,,,,,,,-15.5,-29.867,,,,,,,,,,,,,,,,,,,,,,,,,,,,,,,,,,,,,,,,,,,,,,,,
2020-07-07 07:30:00+01:00,,,,,,,,,,,,,,,,,,,,,,,,,,,,,,,,,,,,,,,,,,,,,,,,,,,,,,,,,,,,,,,,,,,,,,,,,,,,,,,,,,,,,,,,,,,,,,,,,,,,,,,,,,,,,
2020-07-08 07:30:00+01:00,,,,,,,,,,,,,,,,,,,,,,,,,,,,,,,,,,,,,,,,,,,,,,,,,,,,,,,,,,,,,,,,,,,,,,,,,,,,,,,,,,,,,,,,,,,,,,,,,,,,,,,,,,,,,
2020-07-08 08:00:00+01:00,,,,,,,,,,,,,,,,,,,,,,,,,,,,,,,,,,,,,,,,,,,,,,,,,,,,,,,,,,,,,,,,,,,,,,,,,,,,,,,,,,,,,,,,,,,,,,,,,,,,,,,,,,,,,
2020-07-09 08:00:00+01:00,,,,,,,,,,,,,,,,,,,,,,,,,,,,,,,,,,,,,,,,,,,,,,,,,,,,,,,,,,,,,,,,,,,,,,,,,,,,,,,,,,,,,,,,,,,,,,,,,,,,,,,,,,,,,
2020-07-10 08:00:00+01:00,,,,,,,,,,,,,,,,,,,,,,,,,,,,,,,,,,,,,,,,,,,,,,,,,,,,,,,,,,,,,,,,,,,,,,,,,,,,,,,,,,,,,,,,,,,,,,,,,,,,,,,,,,,,,
2020-07-11 08:00:00+01:00,,,,,,,,,,,,,,,,,,,,,,,,,,,,,,,,,,,,,,,,,,,,,,,,,,,,,,,,,,,,,,,,,,,,,,,,,,,,,,,,,,,,,,,,,,,,,,,,,,,,,,,,,,,,,
2020-07-12 08:00:00+01:00,,,,,,,,,,,,,,,,,,,,,,,,,,,,,,,,,,,,,,,,,,,,,,,,,,,,,,,,,,,,,,,,,,,,,,,,,,,,,,,,,,,,,,,,,,,,,,,,,,,,,,,,,,,,,
2020-07-13 08:00:00+01:00,,,,,,,,,,,,,,,,,,,,,,,,,,,,,,,,,,,,,,,,,,,,,,,,,,,,,,,,,,,,,,,,,,,,,,,,,,,,,,,,,,,,,,,,,,,,,,,,,,,,,,,,,,,,,
2020-07-14 08:00:00+01:00,,,,,,,,,,,,,,,,,,,,,,,,,,,,,,,,,,,,,,,,,,,,,,,,,,,,,,,,,,,,,,,,,,,,,,,,,,,,,,,,,,,,,,,,,,,,,,,,,,,,,,,,,,,,,
2020-07-14 08:30:00+01:00,,,,,,,,,,,,,,,,,,,,,,,,,,,,,,,,,,,,,,,,,,,,,,,,,,,,,,,,,,,,,,,,,,,,,,,,,,,,,,,,,,,,,,,,,,,,,,,,,,,,,,,,,,,,,
2020-07-15 08:30:00+01:00,,,,,,,,,,,,,,,,,,,,,,,,,,,,,,,,,,,,,,,,,,,,,,,,,,,,,,,,,,,,,,,,,,,,,,,,,,,,,,,,,,,,,,,,,,,,,,,,,,,,,,,,,,,,,
2020-07-16 08:30:00+01:00,,,,,,,,,,,,,,,,,,,,,,,,,,,,,,,,,,,,,,,,,,,,,,,,,,,,,,,,,,,,,,,,,,,,,,,,,,,,,,,,,,,,,,,,,,,,,,,,,,,,,,,,,,,,,
2020-07-17 08:30:00+01:00,,,,,,,,,,,,,,,,,,,,,,,,,,,,,,,,,,,,,,,,,,,,,,,,,,,,,,,,,,,,,,,,,,,,,,,,,,,,,,,,,,,,,,,,,,,,,,,,,,,,,,,,,,,,,
2020-07-18 08:30:00+01:00,-6.5,,,,,,,,,,-6.3,,,-29.001,,,,,,,,,,-17.499000000000002,-16.5,,,,-1.483,-1.483,,,,,,,,,,,-5.508,-13.032,-1.517,,,,,,,,,,,,,,,,,,,,,,,,,,,,,,,,,,,,,,,,,,,,,,,,,,,,,,,,,,,,,,,,,,
2020-07-19 08:30:00+01:00,,,,,,,-0.992,,,,,,-1.5,,,,,,,-2.0,,,,,,,-0.85,,,,,,,,,-5.175,,,,,,-1.942,-2.742,,,,,,,,,,,,,,,,,,,,,,,,,,,,,,,,,,,,,,,,,,,,,,,,,,,,,,,,,,,,,,,,,,
2020-07-20 08:30:00+01:00,,,,,,,,,,,,,,,,,,,,,,,,,,,,,,,,,,,,,,,,,,,,,,,,,,,,,,,,,,,,,,,,,,,,,,,,,,,,,,,,,,,,,,,,,,,,,,,,,,,,,,,,,,,,,
2020-07-20 09:00:00+01:00,,,,,,,,,,,,,,,,,,,,,,,,,,,,,,,,,,,,,,,,,,,,,,,,,,,,,,,,,,,,,,,,,,,,,,,,,,,,,,,,,,,,,,,,,,,,,,,,,,,,,,,,,,,,,
2020-07-21 09:00:00+01:00,,,,,,,,,,,,,,,,,,,,,,,,,,,,,,,,,,,,,,,,,,,,,,,,,,,,,,,,,,,,,,,,,,,,,,,,,,,,,,,,,,,,,,,,,,,,,,,,,,,,,,,,,,,,,
2020-07-22 09:00:00+01:00,,,,,,,,,,,,,,,,,,,,,,,,,,,,,,,,,,,,,,,,,,,,,,,,,,,,,,,,,,,,,,,,,,,,,,,,,,,,,,,,,,,,,,,,,,,,,,,,,,,,,,,,,,,,,
2020-07-23 09:00:00+01:00,,,,,,,,,,,,,,,,,,,,,,,,,,,,,,,,,,,,,,,,,,,,,,,,,,,,,,,,,,,,,,,,,,,,,,,,,,,,,,,,,,,,,,,,,,,,,,,,,,,,,,,,,,,,,
2020-07-24 09:00:00+01:00,,,,,,,,,,,,,,,,,,,,,,,,,,,,,,,,,,,,,,,,,,,,,,,,,,,,,,,,,,,,,,,,,,,,,,,,,,,,,,,,,,,,,,,,,,,,,,,,,,,,,,,,,,,,,
2020-07-25 09:00:00+01:00,,,,,,,,,,,,,,,,,,,,,,,,,,,,,,,,,,,,,,,,,,,,,,,,,,,,,,,,,,,,,,,,,,,,,,,,,,,,,,,,,,,,,,,,,,,,,,,,,,,,,,,,,,,,,
2020-07-26 09:00:00+01:00,-5.0,,,,,,,,,,,,,,,,,,,,,,,,,,,,,,,,,,,,,,,,,,,,,,,,,,,,,,,,,,,,,,,,,,,,,,,,,,,,,,,,,,,,,,,,,,,,,,,,,,,,,,,,,,,,
2020-07-26 09:30:00+01:00,-5.5,,,,,,,,,,,,,,,-15.2,,,,-1.083,-13.333,-0.425,-29.943,,,,,,,,,,,,,,,,,,,,-40.342,,,,,,,,,,,,,,,,,,,,,,,,,,,,,,,,,,,,,,,,,,,,,,,,,,,,,,,,,,,,,,,,,,
2020-07-27 09:30:00+01:00,,,,,,,,,,,,,,,,,,,,,,,,,,,,,,,,,,,,,,,,,,,,,,,,,,,,,,,,,,,,,,,,,-91.0,-136.0,,,,,,,,,,,,,,,,,,,,,,,,,,,,,,,,,,,,,,,,,,,
2020-07-28 09:30:00+01:00,-11.5,-25.0,-13.0,-23.0,-15.992,-3.008,-10.009,-12.501,,-49.483,-35.058,-7.492,-15.542000000000002,-32.0,-92.008,-88.50800000000001,-18.5,-66.0,-9.509,-23.492,-26.509,-13.458,-72.0,-17.0,-17.0,-27.5,-10.008,-31.5,-35.017,-35.017,,,-31.009,-38.992,,-114.0,-29.0,-16.75,,-29.508000000000003,-33.517,-33.5,-84.992,-58.542,-32.0,-14.5,-14.25,-24.0,-18.0,-12.0,-7.25,-16.0,-4.25,-6.5,-13.0,-8.75,-5.001,-7.25,-21.933,,,-16.0,-13.0,-28.0,,-72.5,,,-23.0,-61.008,-10.171,,,-23.539,-27.0,-7.0,,,,,,,-16.0,-17.5,-10.5,,,,,,,,-7.0,,,,,,,,,,,,,,,,
2020-07-29 09:30:00+01:00,,,,,,,,,,,-3.6,,,,,,,,,,,,,,,,,,,,,,,,,,,,,,,-3.85,,,,,,,,,,,,,,,,,,,,,,,,,,,,,,,,,,,,,,,,,,,,,,,,,,,,,,,,,,,,,,,,,,,
2020-07-30 09:30:00+01:00,,,,,,,,,,,,,,,,,,,,,,,,,,,,,,,,,,,,,,,,,,,,,,,,,,,,,,,,,,,,,,,,,,,,,,,,,,,,,,,,,,,,,,,,,,,,,,,,,,,,,,,,,,,,,
2020-07-31 09:30:00+01:00,-3.5,,,,,,,,,,,,,,,,,,,,,,,,,,,,,,,,,,,,,,,,,,,,,,,,,,,,,,,,,,,,,,,,,,,,,,,,,,,,,,,,,,,,,,,,,,,,,,,,,,,,,,,,,,,,
2020-08-01 09:30:00+01:00,,,,,,,,,,,,,,,,,,,,,,,,,,,,,,,,,,,,,,,,,,,,,,,,,,,,,,,,,,,,,,,,,,,,,,,,,,,,,,,,,,,,,,,,,,,,,,,,,,,,,,,,,,,,,
2020-08-01 10:00:00+01:00,,,,,,,,,,,,,,,,,,,,,,,,,,,,,,,,,,,,,,,,,,,,,,,,,,,,,,,,,,,,,,,,,,,,,,,,,,,,,,,,,,,,,,,,,,,,,,,,,,,,,,,,,,,,,
2020-08-02 10:00:00+01:00,,,,,,,,,,,,,,,,,,,,,,,,,,,,,,,,,,,,,,,,,,,,,,,,,,,,,,,,,,,,,,,,,,,,,,,,,,,,,,,,,,,,,,,,,,,,,,,,,,,,,,,,,,,,,
2020-08-03 10:00:00+01:00,,,,,,,,,,,,,,,,,,,,,,,,,,,,,,,,,,,,,,,,,,,,,,,,,,,,,,,,,,,,,,,,,,,,,,,,,,,,,,,,,,,,,,,,,,,,,,,,,,,,,,,,,,,,,
2020-08-04 10:00:00+01:00,-6.75,,,,,,,,,,,-28.05,-14.975,-5.328,,,,,,-29.009,,-12.008,,,,,-9.492,,,,,,,,,-114.0,,,,,,-16.533,-67.084,,,,,,,,,,,,,,,,,,,,,,-52.5,,,,,,,,,,,,,,,,,,,,,,,,,,,,,,,,,,,,,,,,,,,,
2020-08-05 10:00:00+01:00,,,,,,,,,,,,,,,,,,,,,,,,,,,,,,,,,,,,,,,,,,,,,,,,,,,,,,,,,,,,,,,,,-86.0,,,,,,,,,,,,,,,,,,,,,,,,,,,,,,,,,,,,,,,,,,,,
2020-08-06 10:00:00+01:00,,,,,,,,,,,,,,,,,,,,,,,,,,,,,,,,,,,,,,,,,,,,,,,,,,,,,,,,,,,,,,,,,,,,,,,,,,,,,,,,,,,,,,,,,,,,,,,,,,,,,,,,,,,,,
2020-08-07 10:00:00+01:00,,,,,,,,,,,,,,,,,,,,,,,,,,,,,,,,,,,,,,,,,,,,,,,,,,,,,,,,,,,,,,,,,,,,,,,,,,,,,,,,,,,,,,,,,,,,,,,,,,,,,,,,,,,,,
2020-08-07 10:30:00+01:00,,,,,,,,,,,,,,,,,,,,,,,,,,,,,,,,,,,,,,,,,,,,,,,,,,,,,,,,,,,,,,,,,,,,,,,,,,,,,,,,,,,,,,,,,,,,,,,,,,,,,,,,,,,,,
2020-08-08 10:30:00+01:00,,,,,,,,,,,,,,,,,,,,,,,,,,,,,,,,,,,,,,,,,,,,,,,,,,,,,,,,,,,,,,,,,,,,,,,,,,,,,,,,,,,,,,,,,,,,,,,,,,,,,,,,,,,,,
2020-08-09 10:30:00+01:00,,,,,,,,,,,,,,,,,,,,,,,,,,,,,,,,,,,,,,,,,,,,,,,,,,,,,,,,,,,,,,,,,,,,,,,,,,,,,,,,,,,,,,,,,,,,,,,,,,,,,,,,,,,,,
2020-08-10 10:30:00+01:00,,,,,,,,,,,,,,,,,,,,,,,,,,,,,,,,,,,,,,,,,,,,,,,,,,,,,,,,,,,,,,,,,,,,,,,,,,,,,,,,,,,,,,,,,,,,,,,,,,,,,,,,,,,,,
2020-08-11 10:30:00+01:00,,,,,,,,,,,,,,,,,,,,,,,,,,,,,,,,,,,,,,,,,,,,,,,,,,,,,,,,,,,,,,,,,,,,,,,,,,,,,,,,,,,,,,,,,,,,,,,,,,,,,,,,,,,,,
2020-08-12 10:30:00+01:00,,,,,,,,,,,,,,,,,,,,,,,,,,,,,,,,,,,,,,,,,,,,,,,,,,,,,,,,,,,,,,,,,,,,,,,,,,,,,,,,,,,,,,,,,,,,,,,,,,,,,,,,,,,,,
2020-08-13 10:30:00+01:00,,,,,,,,,,,,,,,,,,,,,,,,,,,,,,,,,,,,,,,,,,,,,,,,,,,,,,,,,,,,,,,,,,,,,,,,,,,,,,,,,,,,,,,,,,,,,,,,,,,,,,,,,,,,,
2020-08-13 11:00:00+01:00,,,,,,,,,,,,,,,,,,,,,,,,,,,,,,,,,,,,,,,,,,,,,,,,,,,,,,,,,,,,,,,,,,,,,,,,,,,,,,,,,,,,,,,,,,,,,,,,,,,,,,,,,,,,,
2020-08-14 11:00:00+01:00,,,,,,,,,,,,,,,,,,,,,,,,,,,,,,,,,,,,,,,,,,,,,,,,,,,,,,,,,,,,,,,,,,,,,,,,,,,,,,,,,,,,,,,,,,,,,,,,,,,,,,,,,,,,,
2020-08-15 11:00:00+01:00,,,,,,,,,,,,,,,,,,,,,,,,,,,,,,,,,,,,,,,,,,,,,,,,,,,,,,,,,,,,,,,,,,,,,,,,,,,,,,,,,,,,,,,,,,,,,,,,,,,,,,,,,,,,,
2020-08-16 11:00:00+01:00,,,,,,,,,,,,,,,,,,,,,,,,,,,,,,,,,,,,,,,,,,,,,,,,,,,,,,,,,,,,,,,,,,,,,,,,,,,,,,,,,,,,,,,,,,,,,,,,,,,,,,,,,,,,,
2020-08-17 11:00:00+01:00,,,,,,,,,,,,,,,,,,,,,,,,,,,,,,,,,,,,,,,,,,,,,,,,,,,,,,,,,,,,,,,,,,,,,,,,,,,,,,,,,,,,,,,,,,,,,,,,,,,,,,,,,,,,,
2020-08-18 11:00:00+01:00,,,,,,,,,,,,,,,,,,,,,,,,,,,,,,,,,,,,,,,,,,,,,,,,,,,,,,,,,,,,,,,,,,,,,,,,,,,,,,,,,,,,,,,,,,,,,,,,,,,,,,,,,,,,,
2020-08-19 11:00:00+01:00,,,,,,,,,,,,,,,,,,,,,,,,,,,,,,,,,,,,,,,,,,,,,,,,,,,,,,,,,,,,,,,,,,,,,,,,,,,,,,,,,,,,,,,,,,,,,,,,,,,,,,,,,,,,,
2020-08-19 11:30:00+01:00,,,,,,,,,,,,,,,,,,,,,,,,,,,,,,,,,,,,,,,,,,,,,,,,,,,,,,,,,,,,,,,,,,,,,,,,,,,,,,,,,,,,,,,,,,,,,,,,,,,,,,,,,,,,,
2020-08-20 11:30:00+01:00,-8.5,,,,,,,,,,,,,,,,,,,-3.408,,-8.433,,,,,-5.492,,,,,,,,,-39.0,,,,,,-11.975,,,,,,,,,,,,,,,,,,,,,,,,,,,,,,,,,,,,,,,,,,,,,,,,,,,,,,,,,,,,,,,,,,,
2020-08-21 11:30:00+01:00,,,,,,,,,,,,,,,,,,,,,,,,,,,,,,,-23.0,,,,,,,,,,,,,,,,,,,,,,,,,,,,,,,,,,,,,,,,,,,,,,,,,,,-28.5,,,,,,,,,,,,,-12.25,,,,,,,,,,,,,,
2020-08-22 11:30:00+01:00,,,,,,,,,,,,,,,,,,,,,,,,,,,,,,,,,,,,,,,,,,,,,,,,,,,,,,,,,,,,,-33.667,,,,,,,,,,,,,,,,,,,,,-21.542,,,,,,,,,,,,,,,,,,,,,,,,,,,
2020-08-23 11:30:00+01:00,,,,,,,,,,,,,,,,,,,,,,,,,,,,,,,,,,,,,,,,,,,,,,,,,,,,,,,,,,,,,,,,,,,,,,,,,,,,,,,,,,,,,,,,,,,,,,,,,,,,,,,,,,,,,
2020-08-24 11:30:00+01:00,,,,,,,,,,,,,,,,,,,,,,,,,,,,,,,,,,,,,,,,,,,,,,,,,,,,,,,,,,,,,,,,,,,,,,,,,,,,,,,,,,,,,,,,,,,,,,,,,,,,,,,,,,,,,
2020-08-25 11:30:00+01:00,,,,,,,,,,,,,,-34.5,-77.525,-34.0,,,,-16.992,-37.025,-14.516,,,,,-9.421,,,-37.008,,,,,,-108.592,,,,,-35.009,-24.017,-48.475,,,,,,,,,,,,,,,,,,,,,,,,,,,,,,,,,,,,,,,,,,,,,,,,,,,,,,,,,,,,,,,,,,
2020-08-25 12:00:00+01:00,,,,,,,,,,,,,,-34.5,-79.475,-33.491,,,,-23.233,-35.2,-2.742,,,,,-0.079,,,-25.625,,,,,,-107.025,,,,,-4.733,-25.009,-34.242,,,,,,,,,,,,,,,,,,,,,,,,,,,,,,,,,,,,,,,,,,,,,,,,,,,,,,,,,,,,,,,,,,
2020-08-26 12:00:00+01:00,,,,,,,,,,,,,,,,,,,,,,,,,,,,,,,,,,,,,,,,,,,,,,,,,,,,,,,,,,,,,,,,,,,,,,,,,,,,,,,,,,,,,,,,,,,,,,,,,,,,,,,,,,,,,
2020-08-27 12:00:00+01:00,,,,,,,,,,,,,,,,,,,,,,,,,,,,,,,,,,,,,,,,,,,,,,,,,,,,,,,,,,,,,,,,,,,,,,,,,,,,,,,,,,,,,,,,,,,,,,,,,,,,,,,,,,,,,
2020-08-28 12:00:00+01:00,,,,,,,,,,,,,,,,,,,,,,,,,,,,,,,,,,,,,,,,,,,,,,,,,,,,,,,,,,,,,,,,,,,,,,,,,,,,,,,,,,,,,,,,,,,,,,,,,,,,,,,,,,,,,
2020-08-29 12:00:00+01:00,,,,,,,,,,,,,,,,,,,,,,,,,,,,,,,,,,,,,,,,,,,,,,,,,,,,,,,,,,,,,,,,,,,,,,,,,,,,,,,,,,,,,,,,,,,,,,,,,,,,,,,,,,,,,
2020-08-30 12:00:00+01:00,,,,,,,,,,,,,,,,,,,,,,,,,,,,,,,,,,,,,,,,,,,,,,,,,,,,,,,,,,,,,,,,,,,,,,,,,,,,,,,,,,,,,,,,,,,,,,,,,,,,,,,,,,,,,
2020-08-31 12:00:00+01:00,,,,,,,,,,,,,,,,,,,,,,,,,,,,,,,,,,,,,,,,,,,,,,,,,,,,,,,,,,,,,,,,,,,,,,,,,,,,,,,,,,,,,,,,,,,,,,,,,,,,,,,,,,,,,
2020-08-31 12:30:00+01:00,,,,,,,,,,,,,,,,,,,,,,,,,,,,,,,,,,,,,,,,,,,,,,,,,,,,,,,,,,,,,,,,,,,,,,,,,,,,,,,,,,,,,,,,,,,,,,,,,,,,,,,,,,,,,
2020-09-01 12:30:00+01:00,-3.25,,,,,,,,,,,,,,,,,,,,,,,,,,,,,,,,,,,,,,,,,,,,,,,,,,,,,,,,,,,,,,,,,,,,,,,,,,,,,,,,,,,,,,,,,,,,,,,,,,,,,,,,,,,,
2020-09-02 12:30:00+01:00,-9.0,,-12.5,,,,,,-5.032,-35.192,-53.5,-41.392,-17.958,-34.0,,,,,,,,,,,,,,,,,,,,,,-10.358,,,,,,-25.5,-109.383,,,,,,,,,,,,,,,,,,,,,,,,,,,,,,,,,,,,,,,,,,,,,,,,,,,,,,,,,,,,,,,,,,
2020-09-03 12:30:00+01:00,-5.5,,,,,,,,,,,,,,,,,,,,,,,,,,,,,,,,,,,,,,,,,,,,,,,,,,,,,,,,,,,,,,,,,,,,,,,,,,,,,,,,,,,,,,,,,,,,,,,,,,,,,,,,,,,,
2020-09-04 12:30:00+01:00,-0.442,,,,,,-7.407999999999999,,,,,-21.549,-5.7,,,,,,,,,-9.583,,,,,-4.083,,,,,,,,,,,,,,,-26.25,-17.417,,,,,,,,,,,,,,,,,,,,,,,,,,,,,,,,,,,,,,,,,,,,,,,,,,,,,,,,,,,,,,,,,,
2020-09-05 12:30:00+01:00,,,,,,,,,,,,,,,,,,,,,,,,,,,,,,,,,,,,,,,,,,,,,,,,,,,,,,,,,,,,,,,,,,,,,,,,,,,,,,,,,,,,,,,,,,,,,,,,,,,,,,,,,,,,,
2020-09-06 12:30:00+01:00,,,,,,,,,,,,,,,,,,,,,,,,,,,,,,,,,,,,,,,,,,,,,,,,,,,,,,,,,,,,,,,,,,,,,,,,,,,,,,,,,,,,,,,,,,,,,,,,,,,,,,,,,,,,,
2020-09-06 13:00:00+01:00,,,,,,,,,,,,,,,,,,,,,,,,,,,,,,,,,,,,,,,,,,,,,,,,,,,,,,,,,,,,,,,,,,,,,,,,,,,,,,,,,,,,,,,,,,,,,,,,,,,,,,,,,,,,,
2020-09-07 13:00:00+01:00,,,,,,,,,,,-35.475,-26.883,-6.008,-28.75,,,,,,,-42.0,-10.0,,-15.5,,-17.5,,-14.5,-15.017,,,,,,,,-19.75,,,,,,-108.45,,,,,,,,,,,,,,,,,,,,,,,,,,,,,,,,,,,,,,,,,,,,,,,,,,,,,,,,,,,,,,,,,,
2020-09-08 13:00:00+01:00,,,,,,,,,,,,,,,,,,,,,,,,,,,,,,,,,,,,,,,,,,,,,,,,,,,,,,,,,,,,,,,,,,,,,,,,,,,,,,,,,,,,,,,,,,,,,,,,,,,,,,,,,,,,,
2020-09-09 13:00:00+01:00,-0.5,,,,,,,,,,-48.983,,,-33.75,,,,,,,-39.5,,,,,,,,,,,,,,-31.5,,,,,,,-31.008,-92.142,,-0.533,,,,,,,,,,,,,,,,,,,,,,,,,,,,,,,,,,,,,,,,,,,,,,,,,,,,,,,,,,,,,,,,
2020-09-10 13:00:00+01:00,-3.5,,,,,,,,,,,,,,,,,,,,,,,,,,,,,,,,,,,,,,,,,,,,,,,,,,,,,,,,,,,,,,,,,,,,,,,,,,,,,,,,,,,,,,,,,,,,,,,,,,,,,,,,,,,,
2020-09-11 13:00:00+01:00,-5.0,-21.0,-13.0,,-15.0,-3.492,-11.508,-21.25,,-23.192,-25.091,-38.617,-23.025,-34.5,,-85.942,-23.0,,-6.517,,-44.0,-17.508,-72.0,-19.5,-23.0,-27.251,,-24.008000000000003,,,,,,,-33.5,-98.958,-20.0,-31.5,-10.033,,,-31.483,-120.175,,,,,,,,-4.5,,,-3.75,,,,,,,,,,,,,,,,,,,,,,,,,,,,,,,,,,,,,,,,,,,,,,,,,,,,,,,
2020-09-12 13:00:00+01:00,-6.0,-22.5,,,,,,-20.0,-30.5,,-53.0,,-20.475,-34.0,,,-22.0,,,,-41.009,,,-23.0,-23.0,,,-26.517,,,,,,,-33.0,-72.983,-18.5,-29.0,,,,-30.491,-100.025,-61.592,,,,,,,,,,,,,,,,,,,,,,,,,,,,,,-21.25,,,,,,,,,,,,,,,,,,,,,,,,,,,,,,,,,,,
2020-09-12 13:30:00+01:00,-5.75,-21.5,-4.408,,,,,-19.5,-30.75,,-53.0,,-21.483,-34.0,,,-22.0,,,,-41.5,,,-23.0,-23.0,,,-27.508,,,,,,,-33.25,-73.984,-18.5,-29.0,,,,-30.491,-100.0,-69.858,,,,,,,-1.875,-6.042,,,,,-0.295,-0.503,,,,,,,,,,,,,,,,-21.75,,,,,,,,,,,,,,,,,,,,,,,,,,,,,,,,,,,
2020-09-13 13:30:00+01:00,-1.292,,-8.983,,-9.525,-4.492,-12.008,,-31.5,-27.6,-48.55,-46.958,-26.0,-34.5,,,,,-6.992,-30.475,,-16.517,,,,-26.5,-4.017,,,,,,,-26.333,,-80.60000000000001,,,-9.509,,,,-137.03300000000002,,,,,,,,,,,,,,,,,,,,,,,,,,,,,,,,,,,,,,,,,,,,,,,,,,,,,,,,,,,,,,,,,,
2020-09-14 13:30:00+01:00,,,,,,,,,,,,,,,,,,,,,,,,,,,,,,,,,,,,,,,,,,,,,,,,,,,,,,,,,,,,,,,,,,,,,,,,,,,,,,,,,,,,,,,,,,,,,,,,,,,,,,,,,,,,,
2020-09-15 13:30:00+01:00,,,,,,,,,,,,,,,,,,,,,,,,,,,,,,,,,,,,,,,,,,,,,,,,,,,,,,,,,,,,,,,,,,,,,,,,,,,,,,,,,,,,,,,,,,,,,,,,,,,,,,,,,,,,,
2020-09-16 13:30:00+01:00,,,,,,,,,,,,,,,,,,,,,,,,,,,,,,,,,,,,,,,,,,,,,,,,,,,,,,,,,,,,,,,,,,,,,,,,,,,,,,,,,,,,,,,,,,,,,,,,,,,,,,,,,,,,,
2020-09-17 13:30:00+01:00,,,,,,,,,,,,,,,,,,,,,,,,,,,,,,,,,,,,,,,,,,,,,,,,,,,,,,,,,,,,,,,,,,,,,,,,,,,,,,,,,,,,,,,,,,,,,,,,,,,,,,,,,,,,,
2020-09-18 13:30:00+01:00,,,,,,,,,,,,,,,,,,,,,,,,,,,,,,,,,,,,,,,,,,,,,,,,,,,,,,,,,,,,,,,,,,,,,,,,,,,,,,,,,,,,,,,,,,,,,,,,,,,,,,,,,,,,,
2020-09-18 14:00:00+01:00,,,,,,,,,,,,,,,,,,,,,,,,,,,,,,,,,,,,,,,,,,,,,,,,,,,,,,,,,,,,,,,,,,,,,,,,,,,,,,,,,,,,,,,,,,,,,,,,,,,,,,,,,,,,,
2020-09-19 14:00:00+01:00,,,,,,,,,,,,,,,,,,,,,,,,,,,,,,,,,,,,,,,,,,,,,,,,,,,,,,,,,,,,,,,,,,,,,,,,,,,,,,,,,,,,,,,,,,,,,,,,,,,,,,,,,,,,,
2020-09-20 14:00:00+01:00,,,,,,,,,,,,,,,,,,,,,,,,,,,,,,,,,,,,,,,,,,,,,,,,,,,,,,,,,,,,,,,,,,,,,,,,,,,,,,,,,,,,,,,,,,,,,,,,,,,,,,,,,,,,,
2020-09-21 14:00:00+01:00,,,,,,,,,,,,,,,,,,,,,,,,,,,,,,,,,,,,,,,,,,,,,,,,,,,,,,,,,,,,,,,,,,,,,,,,,,,,,,,,,,,,,,,,,,,,,,,,,,,,,,,,,,,,,
2020-09-22 14:00:00+01:00,-8.0,,,,,,,,,,,,,,,,,,,,,,,,,,,,,,,,,,,,,,,,,,,,,,,,,,,,,,,,,,,,,,,,,,,,,,,,,,,,,,,,,,,,,,,,,,,,,,,,,,,,,,,,,,,,
2020-09-23 14:00:00+01:00,,,,,,,,,,,,,,,,,,,,,,,,,,,,,,,,,,,,,,,,,,,,,,,,,,,,,,,,,,,,,,,,,,,,,,,,,,,,,,,,,,,,,,,,,,,,,,,,,,,,,,,,,,,,,
2020-09-24 14:00:00+01:00,,,,,,,,,,,,,,,,,,,,,,,,,,,,,,,,,,,,,,,,,,,,,,,,,,,,,,,,,,,,,,,,,,,,,,,,,,,,,,,,,,,,,,,,,,,,,,,,,,,,,,,,,,,,,
2020-09-24 14:30:00+01:00,,,,,,,,,,,,,,,,,,,,,,,,,,,,,,,,,,,,,,,,,,,,,,,,,,,,,,,,,,,,,,,,,,,,,,,,,,,,,,,,,,,,,,,,,,,,,,,,,,,,,,,,,,,,,
2020-09-25 14:30:00+01:00,-7.75,,-9.0,,,,,,,,-44.508,,,,,,,,,,-27.517,,,-7.0,-11.5,,,,,,,,,,,,,,,,,-17.425,,,,,,,,,,,,,,,,,,,,,,,,,,,,,,,,,,,,,,,,,,,,,,,,,,,,,,,,,,,,,,,,,,,
2020-09-26 14:30:00+01:00,,,,,,,,,,,,,,,,,,,,,,,,,,,,,,,,,,,,,,,,,,,,,,,,,,,,,,,,,,,,,,,,,,,,,,,,,,,,,,,,,,,,,,,,,,,,,,-14.5,,,,,,,,,,,,,,,
2020-09-27 14:30:00+01:00,,,,,,,,,,,,,,,,,,,,,,,,,,,,,,,,,,,,,,,,,,,,,,,,,,,,,,,,,,,,,,,,,,,,,,,,,,,,,,,,,,,,,,,,,,,,,,,,,,,,,,,,,,,,,
2020-09-28 14:30:00+01:00,,,,,,,,,,,,,,,,,,,,,,,,,,,,,,,,,,,,,,,,,,,,,,,,,,,,,,,,,,,,,,,,,,,,,,,,,,,,,,,,,,,,,,,,,,,,,,,,,,,,,,,,,,,,,
2020-09-29 14:30:00+01:00,,,,,,,,,,,,,,,,,,,,,,,,,,,,,,,,,,,,,,,,,,,,,,,,,,,,,,,,,,,,,,,,,,,,,,,,,,,,,,,,,,,,,,,,,,,,,,,,,,,,,,,,,,,,,
2020-09-30 14:30:00+01:00,,,,,,,,,,,,,,,,,,,,,,,,,,,,,,,,,,,,,,,,,,,,,,,,,,,,,,,,,,,,,,,,,,,,,,,,,,,,,,,,,,,,,,,,,,,,,,,,,,,,,,,,,,,,,
2020-09-30 15:00:00+01:00,,,,,,,,,,,,,,,,,,,,,,,,,,,,,,,,,,,,,,,,,,,,,,,,,,,,,,,,,,,,,,,,,,,,,,,,,,,,,,,,,,,,,,,,,,,,,,,,,,,,,,,,,,,,,
2020-10-01 15:00:00+01:00,,,,,,,,,,,,,,,,,,,,,,,,,,,,,,,,,,,,,,,,,,,,,,,,,,,,,,,,,,,,,,,,,,,,,,,,,,,,,,,,,,,,,,,,,,,,,,,,,,,,,,,,,,,,,
2020-10-02 15:00:00+01:00,,,,,,,,,,,,,,,,,,,,,,,,,,,,,,,,,,,,,,,,,,,,,,,,,,,,,,,,,,,,,,,,,,,,,,,,,,,,,,,,,,,,,,,,,,,,,,,,,,,,,,,,,,,,,
2020-10-03 15:00:00+01:00,,,,,,,,,,,,,,,,,,,,,,,,,,,,,,,,,,,,,,,,,,,,,,,,,,,,,,,,,,,,,,,,,,,,,,,,,,,,,,,,,,,,,,,,,,,,,,,,,,,,,,,,,,,,,
2020-10-04 15:00:00+01:00,,,,,,,,,,,,,,,,,,,,,,,,,,,,,,,,,,,,,,,,,,,,,,,,,,,,,,,,,,,,,,,,,,,,,,,,,,,,,,,,,,,,,,,,,,,,,,,,,,,,,,,,,,,,,
2020-10-05 15:00:00+01:00,,,,,,,,,,,,,,,,,,,,,,,,,,,,,,,,,,,,,,,,,,,,,,,,,,,,,,,,,,,,,,,,,,,,,,,,,,,,,,,,,,,,,,,,,,,,,,,,,,,,,,,,,,,,,
2020-10-06 15:00:00+01:00,,,,,,,,,,,,,,,,,,,,,,,,,,,,,,,,,,,,,,,,,,,,,,,,,,,,,,,,,,,,,,,,,,,,,,,,,,,,,,,,,,,,,,,,,,,,,,,,,,,,,,,,,,,,,
2020-10-06 15:30:00+01:00,,,,,,,,,,,,,,,,,,,,,,,,,,,,,,,,,,,,,,,,,,,,,,,,,,,,,,,,,,,,,,,,,,,,,,,,,,,,,,,,,,,,,,,,,,,,,,,,,,,,,,,,,,,,,
2020-10-07 15:30:00+01:00,,,,,,,,,,,,,,,,,,,,,,,,,,,,,,,,,,,,,,,,,,,,,,,,,,,,,,,,,,,,,,,,,,,,,,,,,,,,,,,,,,,,,,,,,,,,,,,,,,,,,,,,,,,,,
2020-10-08 15:30:00+01:00,,,,,,,,,,,,,,,,,,,,,,,,,,,,,,,,,,,,,,,,,,,,,,,,,,,,,,,,,,,,,,,,,,,,,,,,,,,,,,,,,,,,,,,,,,,,,,,,,,,,,,,,,,,,,
2020-10-09 15:30:00+01:00,,,,,,,,,,,,,,,,,,,,,,,,,,,,,,,,,,,,,,,,,,,,,,,,,,,,,,,,,,,,,,,,,,,,,,,,,,,,,,,,,,,,,,,,,,,,,,,,,,,,,,,,,,,,,
2020-10-10 15:30:00+01:00,,,-5.017,,,,,,,,,,,,,,,,,,,,,,,,,,,,,,,,,,,,,,,-18.683,,,,,,,,,,,,,,,,,,,,,,,,,,,,,,,,,,,,,,,,,,,,,,,,,,,,,,,,,,,,,,,,,,,
2020-10-11 15:30:00+01:00,,,,,,,,,,,,,,,,,,,,,,,,,,,,,,,,,,,,,,,,,,,,,,,,,,,,,,,,,,,,,,,,,,,,,,,,,,,,,,,,,,,,,,,,,,,,,,,,,,,,,,,,,,,,,
2020-10-12 15:30:00+01:00,,,-2.158,,-8.525,,,,,-17.883,,,,,,,,,,,,,,,,-5.316,-5.0,,,,,,,,,-89.0,,,-11.883,,,-18.492,-20.925,,,,,,,,,,,,,,,,,,,,,,,,,,,,,,,,,,,,,,,,,,,,,,,,,,,,,,,,,,,,,,,,,,
2020-10-12 16:00:00+01:00,,,-1.533,,-16.992,,,,,-27.183,,,,,,,,,,,,,,,,-9.0,-5.0,,,,,,,,,-83.375,,,-23.0,,,-14.7,-39.192,,,,,,,,,,,,,,,,,,,,,,,,,,,,,,,,,,,,,,,,,,,,,,,,,,,,,,,,,,,,,,,,,,
2020-10-13 16:00:00+01:00,,,-5.133,,,,-9.5,,,,-20.417,-38.9,-22.0,-28.9,,,,,-6.95,,,-14.0,,-12.5,-12.083,,-7.5,,,,,,,,,-3.225,,,,,,-12.983,,,,,,,,,,,,,,,,,,,,,,,,,,,,,,,,,,,,,,,,,,,,,,,,,,,,,,,,,,,,,,,,,,,
2020-10-14 16:00:00+01:00,,,,,,,,,,,,,,,,,,,,,,,,,,,,,,,,,,,,,,,,,,,,,,,,,,,,,,,,,,,,,,,,,,,,,,,,,,,,,,,,,,,,,,,,,,,,,,,,,,,,,,,,,,,,,
2020-10-15 16:00:00+01:00,,,,,,,,,,,,,,,,,,,,,,,,,,,,,,,,,,,,,,,,,,,,,,,,,,,,,,,,,,,,,,,,,,,,,,,,,,,,,,,,,,,,,,,,,,,,,,,,,,,,,,,,,,,,,
2020-10-16 16:00:00+01:00,,,,,,,,,,,,,,,,,,,,,,,,,,,,,,,,,,,,,,,,,,,,,,,,,,,,,,,,,,,,,,,,,,,,,,,,,,,,,,,,,,,,,,,,,,,,,,,,,,,,,,,,,,,,,
2020-10-17 16:00:00+01:00,,,,,,,,,,,,,,,,,,,,,,,,,,,,,,,,,,,,,,,,,,,,,,,,,,,,,,,,,,,,,,,,,,,,,,,,,,,,,,,,,,,,,,,,,,,,,,,,,,,,,,,,,,,,,
2020-10-18 16:00:00+01:00,,,,,,,,,,,,,,,,,,,,,,,,,,,,,,,,,,,,,,,,,,,,,,,,,,,,,,,,,,,,,,,,,,,,,,,,,,,,,,,,,,,,,,,,,,,,,,,,,,,,,,,,,,,,,
2020-10-18 16:30:00+01:00,,,,,,,,,,,,,,,,,,,,,,,,,,,,,,,,,,,,,,,,,,,,,,,,,,,,,,,,,,,,,,,,,,,,,,,,,,,,,,,,,,,,,,,,,,,,,,,,,,,,,,,,,,,,,
2020-10-19 16:30:00+01:00,,,,,,,,,,,,,,,,,,,,,,,,,,,,,,,,,,,,,,,,,,,,,,,,,,,,,,,,,,,,,,,,,,,,,,,,,,,,,,,,,,,,,,,,,,,,,,,,,,,,,,,,,,,,,
2020-10-20 16:30:00+01:00,,,,,,,,,,,,,,,,,,,,,,,,,,,,,,,,,,,,,,,,,,,,,,,,,,,,,,,,,,,,,,,,,,,,,,,,,,,,,,,,,,,,,,,,,,,,,,,,,,,,,,,,,,,,,
2020-10-21 16:30:00+01:00,,,,,,,,,,,,,,,,,,,,,,,,,,,,,,,,,,,,,,,,,,,,,,,,,,,,,,,,,,,,,,,,,,,,,,,,,,,,,,,,,,,,,,,,,,,,,,,,,,,,,,,,,,,,,
2020-10-22 16:30:00+01:00,,,,,,,,,,,,,,,,,,,,,,,,,,,,,,,,,,,,,,,,,,,,,,,,,,,,,,,,,,,,,,,,,,,,,,,,,,,,,,,,,,,,,,,,,,,,,,,,,,,,,,,,,,,,,
2020-10-23 16:30:00+01:00,,,,,,,,,,,,,,,,,,,,,,,,,,,,,,,,,,,,,,,,,,,,,,,,,,,,,,,,,,,,,,,,,,,,,,,,,,,,,,,,,,,,,,,,,,,,,,,,,,,,,,,,,,,,,
2020-10-24 16:30:00+01:00,-0.5,,,,,,,,,,,,,,,,,,,,,,,,,,,,,,,,,,,,,,,,,,,,-32.0,,,,,,,,,,,,,,,,,,,,,,,,,,,,,,,,,,,,,,,,,,,,,,,,,,,,,,,,,,,,,,,,
2020-10-24 17:00:00+01:00,-0.5,,,,,,,,,,,,,,,,,,,,,,,,,,,,,,,,,,,,,,,,,,,,-12.267,,,,,,,,,,,,,,,,,,,,,,,,,,,,,,,,,,,,,,,,,,,,,,,,,,,,,,,,,,,,,,,,
2020-10-25 17:00:00+00:00,-3.0,,-9.0,-14.5,-11.425,-2.475,-12.5,,,-39.616,-33.474,,,-34.0,-80.491,,,,-4.383,-25.5,-40.508,-9.625,-70.5,-19.999,-2.0,-27.5,-8.992,-26.509,-29.992,-29.992,,,,-26.042,,-114.0,-10.749999999999998,,-17.0,,,-19.492,,,,,,,,,,,,,,,,,,,,,,,,,,,,,,,,,,,,,,,,,,,,,,,,,,,,,,,,,,-33.0,,,,,,,,,
2020-10-26 17:00:00+00:00,,,,,,,,,,,,,,,,,,,,,,,,,,,,,,,,,,,,,,,,,,,,,,,,,,,,,,,,,,,,,,,,,,,,,,,,,,,,,,,,,,,,,,,,,,,,,,,,,,,,,,,,,,,,,
2020-10-27 17:00:00+00:00,,,,,,,,,,,,-1.808,,,,-18.084,,,,-0.758,,,,,,-2.607,,,,,,,,-3.566,,,,,,,,,-6.667,,,,,,,,,,,,,,,,,,,,,,,,,,,,,,,,,,,,,,,,,,,,,,,,,,,,,,,,,,,,,,,,,,
2020-10-28 17:00:00+00:00,,,,,,,,,,,,,,,,,,,,,,,,,,,,,,,,,,,,,,,,,,,,,,,,,,,,,,,,,,,,,,,,,,,,,,,,,,,,,,,,,,,,,,,,,,,,,,,,,,,,,,,,,,,,,
2020-10-29 17:00:00+00:00,,,,,,,,,,,,-22.408,-18.958,,,,,,,,,,,,,,,,,,,,,,,-89.0,,,,,,,-132.867,,,,,,,,,,,,,,,,,,,,,,,,,,,,,,,,,,,,,,,,,,,,,,,,,,,,,,,,,,,,,,,,,,
2020-10-30 17:00:00+00:00,,,,,,,,,,,,,,,,,,,,,,,,,,,,,,,,,,,,,,,,,,,,,,,,,,,,,,,,,,,,,,,,,,,,,,,,,,,,,,,,,,,,,,,,,,,,,,,,,,,,,,,,,,,,,
2020-10-30 17:30:00+00:00,,,,,,,,,,,,,,,,,,,,,,,,,,,,,,,,,,,,,,,,,,,,,,,,,,,,,,,,,,,,,,,,,,,,,,,,,,,,,,,,,,,,,,,,,,,,,,,,,,,,,,,,,,,,,
2020-10-31 17:30:00+00:00,,-24.499,-12.525,-17.921,-17.5,-4.026,,-17.25,-31.5,-51.0,-54.0,-57.508,-21.574,-34.5,,,-23.5,,-13.001,-32.0,-38.517,,-72.0,-22.999,-22.999,-27.5,-9.5,,-46.5,-46.5,-72.0,,,-60.517,,-110.525,,,-24.008000000000003,,,,-152.5,-78.98400000000001,,,,,,,-4.416,,-3.245,,-3.4,,-3.883,-6.925,,-70.5,-70.5,-15.5,,,,,,,,-64.0,,,,,,,,,,,,,,,,,,,,,,,,,,-33.25,-12.0,,,-36.0,,,,,,,,,
2020-11-01 17:30:00+00:00,-8.5,,-11.467,-23.0,-13.001,-5.508,-13.0,-11.367,-31.25,,-54.0,-37.051,-28.0,-34.5,,,-23.5,,-8.017,-29.017,-45.5,,,-23.0,-23.0,-27.5,-6.508,,-37.467,-37.467,-72.0,,,,-33.5,-77.14099999999999,-33.25,-32.5,-14.049,,,-33.5,-139.533,,-12.267,,-14.5,-38.0,,,-7.5,-13.25,,-4.5,-7.0,,-8.0,-11.5,,,,-15.0,,,,,,,,-37.974,,,,,,,,,,,,,,,,,,,,,,,,,,-35.0,-20.5,,,-35.0,,,,,,,,,
2020-11-02 17:30:00+00:00,,,,,,,,,,,,,,,,,,,,,,,,,,,,,,,,,,,,,,,,,,,,,,,,,,,,,,,,,,,,,,,,,,,,,,,,,,,,,,,,,,,,,,,,,,,,,,,,,,,,,,,,,,,,,
2020-11-03 17:30:00+00:00,,,,,,,,,,,,,,,,,,,,,,,,,,,,,,,,,,,,,,,,,,,,,,,,,,,,,,,,,,,,,,,,,,,,,,,,,,,,,,,,,,,,,,,,,,,,,,,,,,,,,,,,,,,,,
2020-11-04 17:30:00+00:00,,-14.0,-11.967,-16.999,,,,-11.5,,,-31.042,,,-25.5,,,-12.5,,,,-37.533,,,-13.5,-13.502,,,-26.483,,,,,,,-20.75,,-27.5,-7.425,,,,-25.009,,,,,,,,,,,,,,,,,,,,,,,,,,,,,,,,,,,,,,,,,,,,,,,,,,,,,,,,,,,,,,,,,,,
2020-11-05 17:30:00+00:00,,,-9.5,,,,,,,,,,,-27.25,,,,,,,-31.458,,,-12.375,,,,,,,,,,,-19.117,,,,,,,-9.25,,,,,,,,,,,,,,,,,,,,,,,,,,,,,,,,-5.749,,,,,,,,,,,,,,,,,,,,,,,,,,,,,,,,,,,
2020-11-05 18:00:00+00:00,,,-10.483,,,,,,,,-12.033,,,-26.75,,,,,,,-42.492,,,-14.5,,,,,,,,,,,-31.0,,,,,,,-15.0,,,,,,,,,,,,,,,,,,,,,,,,,,,,,,,,-0.548,,,,,,,,,,,,,,,,,,,,,,,,,,,,,,,,,,,
2020-11-06 18:00:00+00:00,,,,,,,,,,,,,,,,,,,,,,,,,,,,,,,,,,,,,,,,,,,,,,,,,,,,,,,,,,,,,,,,,,,,,,,,,,,,,,,,,,,,,,,,,,,,,,,,,,,,,,,,,,,,,
2020-11-07 18:00:00+00:00,,,,,,,,,,,,,,,,,,,,,,,,,,,,,,,,,,,,,,,,,,,,,,,,,,,,,,,,,,,,,,,,,,,,,,,,,,,,,,,,,,,,,,,,,,,,,,,,,,,,,,,,,,,,,
2020-11-08 18:00:00+00:00,,,,,,,,,,,,,,,,,,,,,,,,,,,,,,,,,,,,,,,,,,,,,,,,,,,,,,,,,,,,,,,,,,,,,,,,,,,,,,,,,,,,,,,,,,,,,,,,,,,,,,,,,,,,,
2020-11-09 18:00:00+00:00,,,,,,,,,,,,,,,,,,,,,,,,,,,,,,,,,,,,,,,,,,,,,,,,,,,,,,,,,,,,,,,,,,,,,,,,,,,,,,,,,,,,,,,,,,,,,,,,,,,,,,,,,,,,,
2020-11-10 18:00:00+00:00,,,,,,,,,,,,,,-6.967,,,,,,,,,,,,,,,,,,,,,,,,,,,,,,,,,,,,,,,,,,,,,,,,,,,,,,,,,,,,,,,,,,,,,,,,,,,,,,,,,,,,,,,,,,,,,,,
2020-11-11 18:00:00+00:00,-4.5,-26.0,-12.5,-26.5,,,,-18.5,,,-52.991,,-2.5,-34.5,,,-9.625,,,-5.083,-44.5,,,-23.0,-22.5,,-1.067,-29.992,,,,,,-35.533,-26.942,-114.0,-16.188000000000002,-25.5,,,,-29.992,-125.542,-69.1,,,,,,,-7.5,,,-2.175,-5.175,,-6.5,-10.5,,,,-14.0,,,,,,,,,,,,,,,,,,,,,,,,,,,,,,,,,,,,,,,,,,,,,,,
2020-11-11 18:30:00+00:00,-3.75,-26.0,-12.5,-26.5,,,,-16.5,,,-52.483,-27.025,-25.492,-34.5,,,-7.586,,,-31.483,-44.5,,,-23.0,-23.0,,-8.0,-29.5,,,,,,-33.533,-18.375,-114.0,-8.995,-24.5,,,,-29.491,-123.042,-62.609,,,,,,,-7.25,,,,,,-4.642,-7.801,,,,-14.0,,,,,,,,,,,,,,,,,,,,,,,,,,,,,,,,,,,,,,,,,,,,,,,
2020-11-12 18:30:00+00:00,-2.0,,-10.017,,,,,,,,-44.025,-29.983,-14.508,-33.25,,,,,,-30.483,,,,-15.5,-6.717,,-10.0,,-15.733,-4.633,,,,,,-114.0,,,,,,-25.0,-81.608,,,,,,,,,,,,,,,,,,,,,,,,,,,,,,,,,,,,,,,,,,,,,,,,,,,,,,,,,-21.5,,,,,,,,,
2020-11-13 18:30:00+00:00,-3.0,,,,,,,,,,-50.992,,,-34.0,,,,,,,-28.116,,,-22.5,-21.5,,,-9.425,,,,,,,,,,,,,,-22.008000000000003,,,,,,,,,,,,,,,,,,,,,,,,,,,,,,,,,,,,,,,,,,,,,,,,,,,,,,,,,,,,,,,,,,,
2020-11-14 18:30:00+00:00,,,-2.5,,-15.033,-3.492,,,-31.0,-43.95,-1.458,-42.825,-14.925,-23.5,,,,,-10.483,-29.45,,,-10.358,,,-27.5,-10.492,,-0.25,-0.25,,,,-1.333,,-114.0,,,-24.992,,,,-102.958,-68.942,,,,,,,,,,,,,,,,,,,,,,,,,,,,,,,,,,,,,,,,,,,,,,,,,,,,,,,,-2.042,,,,,,,,,
2020-11-15 18:30:00+00:00,,,,,,,,,,,,,,,,,,,,,,,,,,,,,,,,,,,,,,,,,,,,,,,,,,,,,,,,,,,,,,,,,,,,,,,,,,,,,,,,,,,,,,,,,,,,,,,,,,,,,,,,,,,,,
2020-11-16 18:30:00+00:00,,,,,,,,,,,,,,,,,,,,,,,,,,,,,,,,,,,,,,,,,,,,,,,,,,,,,,,,,,,,,,,,,,,,,,,,,,,,,,,,,,,,,,,,,,,,,,,,,,,,,,,,,,,,,
2020-11-17 18:30:00+00:00,,,,,,,,,,-44.983,-14.483,,,,,,,,,,,,-72.0,-8.5,-8.5,,,,-24.042,,,,-29.042,,,,,,,,,,,,,,,,,,,,,,,,,,,,,,,,,,,,,,,,,,,,,,,,,,,,,,,,,,,,,,,,,,,,,,,,,,,,
2020-11-17 19:00:00+00:00,,,,,,,,,,-41.066,-14.992,,,,,,,,,-5.3,,,-72.0,-6.5,-6.5,,,,-27.025,,,,-32.033,,,,,,,,,,,,,,,,,,,,,,,,,,,,,,,,,,,,,,,,,,,,,,,,,,,,,,,,,,,,,,,,,,,,,,,,,,,,
2020-11-18 19:00:00+00:00,,-14.0,-9.508,-2.5,-15.516,-2.492,,-14.5,,-42.492,-39.483,-36.091,-19.025,-34.5,,-88.992,-18.5,,-9.017,,-44.0,,,-17.0,-15.5,-27.5,,-24.484,,,,,,,,-108.5,-25.75,,-14.5,,,-30.55,-134.075,,,,,,,,-6.0,,,,,,-5.75,-8.5,,,,,,,,,,,,,,,,,,,,,,,,,,,,,,,,,,,,,,,,,,,,,,,,,,,
2020-11-19 19:00:00+00:00,,,,,,,,,,,,,,,,,,,,,,,,,,,,,,,,,,,,,,,,,,,,,,,,,,,,,,,,,,,,,,,,,,,,,,,,,,,,,,,,,,,,,,,,,,,,,,,,,,,,,,,,,,,,,
2020-11-20 19:00:00+00:00,-18.0,,-11.517,-25.0,,,,-21.504,-31.5,-6.975,-54.0,-25.5,,-34.0,-80.542,-81.533,,,,-19.5,-44.5,,-64.25,-23.0,-23.0,-26.25,,-30.5,-28.492,-28.492,,,-36.0,-38.558,-30.0,-67.925,-32.25,-29.0,,,,-26.0,-131.55,,,-15.5,-21.0,,,,-7.5,,,,,,,,,,,-6.2,,,,,,,,,,,,-54.5,,,,,,,,,,,,,,,,,,,,,,,,,,-34.0,,,,,,,,,
2020-11-21 19:00:00+00:00,,,-10.5,,-17.509,,-6.0,-18.0,-31.5,,-53.50000000000001,-33.525,-17.992,-34.0,,,,,-9.017,-2.017,-47.0,,-69.5,-1.95,-1.95,-25.25,,-29.492,-36.008,-36.008,,,-30.5,,-30.0,-46.55,-31.25,,-11.009,,,-32.5,-28.767,-20.667,,,,,,,-6.5,-13.5,,,,,-6.0,-8.751,,,,,,,,,,,,,,,,,,,,,,,,,,,,,,,,,,,,,,,,,,,,,,,,,,,
2020-11-22 19:00:00+00:00,,,,,,,,,,,,,,,,,,,,,,,,,,,,,,,,,,,,,,,,,,,,,,,,,,,,,,,,,,,,,,,,,,,,,,,,,,,,,,,,,,,,,,,,,,,,,,,,,,,,,,,,,,,,,
2020-11-23 19:00:00+00:00,,-10.0,-6.491,,-12.0,,,,-30.3,-44.0,-40.475,-46.5,,-29.501,,,,,,-26.501,-43.467,,-72.0,,,-26.813,,-16.983,-33.499,-33.5,,,,-49.583,,-114.0,-21.0,,-19.991,,,-14.992,-144.475,,,,,,,,,,,,,,,,,,,,,,,,,,,,,,,,,,,,,,,,,,,,,,,,,,,,,,,,,-34.5,,,,,,,,,
2020-11-23 19:30:00+00:00,,-9.5,-8.958,,-12.492,,,,-31.5,-43.017,-38.95,-46.008,,-29.25,,,,,,-26.5,-41.492,,-72.0,,,-27.5,,-16.0,-33.491,-33.492,,,,-59.5,,-114.0,-18.499,,-20.492,,,-14.5,-143.025,-36.6,,,,,,,,,,,,,,,,,,,,,,,,,,,,,,,,,,,,,,,,,,,,,,,,,,,,,,,,-35.0,,,,,,,,,
2020-11-24 19:30:00+00:00,,,,,,,,,,,,,,,,,,,,,,,,,,,,,,,,,,,,,,,,,,,,,,,,,,,,,,,,,,,,,,,,,,,,,,,,,,,,,,,,,,,,,,,,,,,,,,,,,,,,,,,,,,,,,
2020-11-25 19:30:00+00:00,,,,,,,,,,,,,,,,,,,,,,,,,,,,,,,,,,,,,,,,,,,,,,,,,,,,,,,,,,,,,,,,,,,,,,,,,,,,,,,,,,,,,,,,,,,,,,,,,,,,,,,,,,,,,
2020-11-26 19:30:00+00:00,,,,,,,,,,,,,,,,,,,,,,,,,,,,,,,,,,,,,,,,,,,,,,,,,,,,,,,,,,,,,,,,,,,,,,,,,,,,,,,,,,,,,,,,,,,,,,,,,,,,,,,,,,,,,
2020-11-27 19:30:00+00:00,,,,,,,,,,,,,,,,,,,,,,,,,,,,,,,,,,,,,,,,,,,,,,,,,,,,,,,,,,,,,,,,,,,,,,,,,,,,,,,,,,,,,,,,,,,,,,,,,,,,,,,,,,,,,
2020-11-28 19:30:00+00:00,,,,,,,,,,,,,,,,,,,,,,,,,,,,,,,,,,,,,,,,,,,,,,,,,,,,,,,,,,,,,,,,,,,,,,,,,,,,,,,,,,,,,,,,,,,,,,,,,,,,,,,,,,,,,
2020-11-29 19:30:00+00:00,,,,,,,,,,,,,,,,,,,,,,,,,,,,,,,,,,,,,,,,,,,,,,,,,,,,,,,,,,,,,,,,,,,,,,,,,,,,,,,,,,,,,,,,,,,,,,,,,,,,,,,,,,,,,
2020-11-29 20:00:00+00:00,,,,,,,,,,,,,,,,,,,,,,,,,,,,,,,,,,,,,,,,,,,,,,,,,,,,,,,,,,,,,,,,,,,,,,,,,,,,,,,,,,,,,,,,,,,,,,,,,,,,,,,,,,,,,
2020-11-30 20:00:00+00:00,,,,,,,,,,,,,,,,,,,,,,,,,,,,,,,,,,,,,,,,,,,,,,,,,,,,,,,,,,,,,,,,,,,,,,,,,,,,,,,,,,,,,,,,,,,,,,,,,,,,,,,,,,,,,
2020-12-01 20:00:00+00:00,,,,,,,,,,,,,,,,,,,,,,,,,,,,,,,,,,,,,,,,,,,,,,,,,,,,,,,,,,,,,,,,,,,,,,,,,,,,,,,,,,,,,,,,,,,,,,,,,,,,,,,,,,,,,
2020-12-02 20:00:00+00:00,,,,,,,,,,,,,,,,,,,,,,,,,,,,,,,,,,,,,,,,,,,,,,,,,,,,,,,,,,,,,,,,,,,,,,,,,,,,,,,,,,,,,,,,,,,,,,,,,,,,,,,,,,,,,
2020-12-03 20:00:00+00:00,,,,,,,,,,,,,,,,,,,,,,,,,,,,,,,,,,,,,,,,,,,,,,,,,,,,,,,,,,,,,,,,,,,,,,,,,,,,,,,,,,,,,,,,,,,,,,,,,,,,,,,,,,,,,
2020-12-04 20:00:00+00:00,,,-6.483,,-16.508,-5.5,-12.5,,-31.5,-47.525,-52.492,-47.517,-30.0,-34.5,-88.0,-85.508,,,-8.024999999999999,-26.975,-36.467,-16.0,-72.0,-16.0,-15.5,-27.5,-9.008,-21.0,-24.441,-24.442,,,-35.95,-61.025000000000006,,-114.0,-22.0,,-24.508000000000003,-16.508,-31.016,-16.025,-148.46699999999998,-97.525,,,,,,,,,,,,,,,,,,-15.5,,,,,,,,,,,,,,,,,,,,,,,,,,,,,,,,,,,,,,-36.0,,,,,,,,,
2020-12-05 20:00:00+00:00,,,,,,,,,,,,,,,,,,,,,,,,,,,,,,,,,,,,,,,,,,,,,,,,,,,,,,,,,,,,,,,,,,,,,,,,,,,,,,,,,,,,,,,,,,,,,,,,,,,,,,,,,,,,,
2020-12-05 20:30:00+00:00,,,,,,,,,,,,,,,,,,,,,,,,,,,,,,,,,,,,,,,,,,,,,,,,,,,,,,,,,,,,,,,,,,,,,,,,,,,,,,,,,,,,,,,,,,,,,,,,,,,,,,,,,,,,,
2020-12-06 20:30:00+00:00,,,,,,,,,,,,,,,,,,,,,,,,,,,,,,,,,,,,,,,,,,,,,,,,,,,,,,,,,,,,,,,,,,,,,,,,,,,,,,,,,,,,,,,,,,,,,,,,,,,,,,,,,,,,,
2020-12-07 20:30:00+00:00,,,,,,,,,,,-16.959,,,,,,,,,,,,,,,,,,-28.508000000000003,-28.508000000000003,,,,,,,,,,-21.517000000000003,,-24.083,,,,,,,,,,,,,,,,,,,,,,,,,,,,,,,,,,,,,,,,,,,,,,,,,,,,,,,,,,-12.0,,,,,,,,,
2020-12-08 20:30:00+00:00,,,,,,,,,,,,,,,,,,,,,,,,,,,,,,,,,,,,,,,,,,,,,,,,,,,,,,,,,,,,,,,,,,,,,,,,,,,,,,,,,,,,,,,,,,,,,,,,,,,,,,,,,,,,,
2020-12-09 20:30:00+00:00,,,,,,,,,,,-3.166,,,-2.417,,,,,,,,,,,,,,,,,,,,,,,,,,,,-6.25,,,,,,,,,,,,,,,,,,,,,,,,,,,,,,,,,,,,,,,,,,,,,,,,,,,,,,,,,,,,,,,,,,,
2020-12-10 20:30:00+00:00,,,-5.017,,-14.034,,,,-26.251,-44.008,-28.983,-23.466,-16.075,-18.5,,,,,-11.492,-27.991,,,-64.0,-12.0,-12.0,-15.0,,,,,,,,-19.524,,-112.025,-7.5,,-23.5,,,-24.008,-75.908,-55.45,,,,,,,,-14.0,,,,,,,,,,-15.542000000000002,,,,,,,,,,,,,,,,,,,,,,,,,,,,,,,,,,,,,,-23.0,,,,,,,,,
2020-12-11 20:30:00+00:00,,,,,,,,,,,,,,,,,,,,,,,,,,,,,,,,,,,,,,,,,,,,,,,,,,,,,,,,,,,,,,,,,,,,,,,,,,,,,,,,,,,,,,,,,,,,,,,,,,,,,,,,,,,,,
2020-12-11 21:00:00+00:00,,,,,,,,,,,,,,,,,,,,,,,,,,,,,,,,,,,,,,,,,,,,,,,,,,,,,,,,,,,,,,,,,,,,,,,,,,,,,,,,,,,,,,,,,,,,,,,,,,,,,,,,,,,,,
2020-12-12 21:00:00+00:00,,,,,,,,,,,,,,,,,,,,,,,,,,,,,,,,,,,,,,,,,,,,,,,,,,,,,,,,,,,,,,,,,,,,,,,,,,,,,,,,,,,,,,,,,,,,,,,,,,,,,,,,,,,,,
2020-12-13 21:00:00+00:00,,,-4.975,,-11.0,,-12.008,,-27.751,-41.492,-6.992000000000001,-28.425,-14.491,-11.25,,-38.867,,,-6.492,,-42.177,-13.992,-61.5,-9.0,-9.5,-20.75,,-30.967,-5.0,-5.0,,,-40.517,-44.183,,-114.0,,,-20.983,-29.0,-33.008,-29.467,-77.283,-61.059000000000005,,,,,,,,,,,,,,,,,,,,,,,,,,,,,,,,,,,,,,,,,,,,,,,,,,,,,,,,,,,,,,,,,
2020-12-14 21:00:00+00:00,,,,,,,-10.017,,,,,,-12.5,,,,,,,-15.017,,-13.517,,,,,,,,,,,,,,-60.075,,,,,,-7.5,,,,,,,,,,,,,,,,,,,,,,,,,,,,,,,,,,,,,,,,,,,,,,,,,,,,,,,,,,,,,,,,,,,
2020-12-15 21:00:00+00:00,,,,,,,,,,,,,,,,,,,,,,,,,,,,,,,,,,,,,,,,,,,,,,,,,,,,,,,,,,,,,,,,,,,,,,,,,,,,,,,,,,,,,,,,,,,,,,,,,,,,,,,,,,,,,
2020-12-16 21:00:00+00:00,,,,,,,-9.5,,-28.5,-25.508,-51.017,-8.475,-19.991,-33.5,,,,,,-16.0,,-13.016,-64.0,-21.5,-19.5,-25.75,-4.009,,,,,,,-25.583,,-75.033,,,,,,-26.492,-78.6,,,,,,,,,-9.25,,,,,,,,,,-11.25,,,,,,,,,,,,,,,,,,,,,,,,,,,,,,,,,,,,,,-31.5,,,,,,,,,
2020-12-17 21:00:00+00:00,,,-8.508,,,,-13.991,,,,-25.5,-48.833,-20.95,,,,,,,-30.475,,-11.475,,-14.167,-21.0,,-8.509,,,,,,,,,-111.525,,,,,,-15.5,,,,,,,,,,-8.0,,,,,,,,,,,,,,,,,,,,,,,,,,,,,,,,,,,,,,,,,,,,,,,,-29.0,,,,,,,,,
2020-12-17 21:30:00+00:00,,,-5.058,,,,-13.508,,,,-27.0,-47.525,-24.934,,,,,,,-30.992,,-11.992,,-16.5,-19.001,,-8.009,,,,,,,,,-109.533,,,,,,-15.509,,,,,,,,,,-8.499,,,,,,,,,,,,,,,,,,,,,,,,,,,,,,,,,,,,,,,,,,,,,,,,-28.5,,,,,,,,,
2020-12-18 21:30:00+00:00,,,,,,,,,,,,,,,,,,,,,,,,,,,,,,,,,,,,,,,,,,,,,,,,,,,,,,,,,,,,,,,,,,,,,,,,,,,,,,,,,,,,,,,,,,,,,,,,,,,,,,,,,,,,,
2020-12-19 21:30:00+00:00,,,,,,,,,,,-51.516,,,-16.504,,,,,,,,,,,,,,,,,,,,,,,,,,,-39.5,-19.5,,,,,,,,,,-3.733,,,,,,,,,,,,,,,,,,,,,,,,,,,,,,,,,,,,,,,,,,,,,,,,-9.15,,,,,,,,,
2020-12-20 21:30:00+00:00,,,-9.508,,,,,,,,-34.458,,,-29.501,,,,,,,,,,-19.0,-19.5,,,,-23.95,-12.35,,,,,,,,,,,-16.417,-22.983,,,,,,,,,,-7.5,,,,,,,,,,,,,,,,,,,,,,,,,,,,,,,,,,,,,,,,,,,,,,,,-28.5,,,,,,,,,
2020-12-21 21:30:00+00:00,,,,,,,,,,,,,,,,,,,,,,,,,,,,,,,,,,,,,,,,,,,,,,,,,,,,,,,,,,,,,,,,,,,,,,,,,,,,,,,,,,,,,,,,,,,,,,,,,,,,,,,,,,,,,
2020-12-22 21:30:00+00:00,,,,,,,,,,,,,,,,,,,,,,,,,,,,,,,,,,,,,,,,,,,,,,,,,,,,,,,,,,,,,,,,,,,,,,,,,,,,,,,,,,,,,,,,,,,,,,,,,,,,,,,,,,,,,
2020-12-23 21:30:00+00:00,,,,,,,,,,,,,,,,,,,,,,,,,,,,,,,,,,,,,,,,,,,,,,,,,,,,,,,,,,,,,,,,,,,,,,,,,,,,,,,,,,,,,,,,,,,,,,,,,,,,,,,,,,,,,
2020-12-23 22:00:00+00:00,,,,,,,,,,,,,,,,,,,,,,,,,,,,,,,,,,,,,,,,,,,,,,,,,,,,,,,,,,,,,,,,,,,,,,,,,,,,,,,,,,,,,,,,,,,,,,,,,,,,,,,,,,,,,
2020-12-24 22:00:00+00:00,,,,,,,,,,,,,,,,,,,,,,,,,,,,,,,,,,,,,,,,,,,,,,,,,,,,,,,,,,,,,,,,,,,,,,,,,,,,,,,,,,,,,,,,,,,,,,,,,,,,,,,,,,,,,
2020-12-25 22:00:00+00:00,,,,,,,-11.017,,,,,-36.025,,,,,,,,-27.008,,,,-0.041,-13.925,,,,,-1.95,,,,,,-107.042,,,,,,-15.5,-18.225,,,,,,,,,,,,,,,,,,,,,,,,,,,,,,,,,,,,,,,,,,,,,,,,,,,,,,,,,,,,,,,,,,
2020-12-26 22:00:00+00:00,,,-5.508,,-17.5,,-13.016,,-31.5,-46.533,-41.484,-48.625,-27.975,-34.0,,,,,,-32.017,,-16.5,,-20.5,-20.0,,-10.492,,-16.517,-16.517,,,,-62.5,,-114.0,,,-17.0,,,,,-72.658,,,,,,,,-12.5,,,,,,,,,,,,,,,,,,,,,,,,,,,,,,,,,,,,,,,,,,,,,,,,-27.5,,,,,,,,,
2020-12-27 22:00:00+00:00,,,,,,,,,,,,,,,,,,,,,,,,,,,,,,,,,,,,,,,,,,,,,,,,,,,,,,,,,,,,,,,,,,,,,,,,,,,,,,,,,,,,,,,,,,,,,,,,,,,,,,,,,,,,,
2020-12-28 22:00:00+00:00,,,,,,,,,,,,,,,,,,,,,,,,,,,,,,,,,,,,,,,,,,,,,,,,,,,,,,,,,,,,,,,,,,,,,,,,,,,,,,,,,,,,,,,,,,,,,,,,,,,,,,,,,,,,,
2020-12-29 22:00:00+00:00,,,,,,,,,,,,,,,,,,,,,,,,,,,,,,,,,,,,,,,,,,,,,,,,,,,,,,,,,,,,,,,,,,,,,,,,,,,,,,,,,,,,,,,,,,,,,,,,,,,,,,,,,,,,,
